experiment_id,model_version,control_mode,baseline_policy,seed,num_nodes,scenario,duration_s,sync_messages,radio_active_time_s,radio_active_time_mean_per_node_s,estimated_energy_j,violation_events,violation_time_steps,affected_nodes,violation_rate_pct,mean_psm,median_psm,min_psm,p5_psm,negative_psm_frequency_pct,state_transitions,state_counts,beacon_count_estimated,pssp_count,prap_count,radio_wakeup_events_estimated,mean_sync_interval_ms,mean_tx_power_pct,mean_battery_percent,max_pe,mean_pe,mean_pt,control_action_count,invariant_violations,strategy
EXP-STA-10N-S42-BASE,"PSDT v1.0-sim (Temporal Closed-Loop Model, frozen for Sprint 11)",uniform,Uniform-Moderate,42,10,Scenario A: Stable,300.0,3000,48.000000000000036,4.800000000000003,61.79999999999896,0,3010,0,0.0,36.36445331028941,36.23331253460314,14.502125110542572,22.740096417787072,0.0,15,"{'RELAXED': 4, 'NOMINAL': 5, 'ELEVATED': 1}",50166.66666666509,3000,3010,12040.0,1000.0,50.0,91.25399999999989,52.38287488945743,26.380046689710586,62.7445,15,0,baseline
EXP-STA-10N-S43-BASE,"PSDT v1.0-sim (Temporal Closed-Loop Model, frozen for Sprint 11)",uniform,Uniform-Moderate,43,10,Scenario A: Stable,300.0,3000,48.000000000000036,4.800000000000003,61.79999999999896,0,3010,0,0.0,34.00434017150111,34.180627146558955,7.850990459935296,18.502372070073005,0.0,21,"{'NOMINAL': 6, 'ELEVATED': 1, 'RELAXED': 3}",50166.66666666509,3000,3010,12040.0,1000.0,50.0,90.80399999999989,53.99841945651819,28.74015982849889,62.7445,21,0,baseline
EXP-STA-10N-S44-BASE,"PSDT v1.0-sim (Temporal Closed-Loop Model, frozen for Sprint 11)",uniform,Uniform-Moderate,44,10,Scenario A: Stable,300.0,3000,48.000000000000036,4.800000000000003,61.79999999999896,0,3010,0,0.0,40.63199768395089,42.61087846076114,11.46322377510544,21.860287954862688,0.0,13,"{'RELAXED': 6, 'NOMINAL': 4}",50166.66666666509,3000,3010,12040.0,1000.0,50.0,91.8839999999999,48.31366218432092,22.112502316049113,62.7445,13,0,baseline
EXP-STA-10N-S45-BASE,"PSDT v1.0-sim (Temporal Closed-Loop Model, frozen for Sprint 11)",uniform,Uniform-Moderate,45,10,Scenario A: Stable,300.0,3000,48.000000000000036,4.800000000000003,61.79999999999896,0,3010,0,0.0,36.19755732414861,37.10202487144447,20.20387286231149,24.808068585869286,0.0,22,"{'NOMINAL': 5, 'RELAXED': 5}",50166.66666666509,3000,3010,12040.0,1000.0,50.0,89.7639999999999,46.1155360651437,26.546942675851394,62.7445,22,0,baseline
EXP-STA-10N-S46-BASE,"PSDT v1.0-sim (Temporal Closed-Loop Model, frozen for Sprint 11)",uniform,Uniform-Moderate,46,10,Scenario A: Stable,300.0,3000,48.000000000000036,4.800000000000003,61.79999999999896,0,3010,0,0.0,32.634523658193324,29.3329973677967,8.294181438715341,13.733728085190101,0.0,23,"{'NOMINAL': 8, 'RELAXED': 2}",50166.66666666509,3000,3010,12040.0,1000.0,50.0,92.25399999999989,50.47065692678461,30.10997634180668,62.7445,23,0,baseline
EXP-STA-10N-S47-BASE,"PSDT v1.0-sim (Temporal Closed-Loop Model, frozen for Sprint 11)",uniform,Uniform-Moderate,47,10,Scenario A: Stable,300.0,3000,48.000000000000036,4.800000000000003,61.79999999999896,0,3010,0,0.0,37.3688695866353,34.72246127177317,14.334309860533395,22.693036165485495,0.0,16,"{'RELAXED': 4, 'NOMINAL': 5, 'ELEVATED': 1}",50166.66666666509,3000,3010,12040.0,1000.0,50.0,91.99399999999989,52.55069013946661,25.375630413364703,62.7445,16,0,baseline
EXP-STA-10N-S48-BASE,"PSDT v1.0-sim (Temporal Closed-Loop Model, frozen for Sprint 11)",uniform,Uniform-Moderate,48,10,Scenario A: Stable,300.0,3000,48.000000000000036,4.800000000000003,61.79999999999896,0,3010,0,0.0,38.1822244558536,39.25508000366994,10.306316197214052,21.693770893251052,0.0,17,"{'RELAXED': 6, 'NOMINAL': 4}",50166.66666666509,3000,3010,12040.0,1000.0,50.0,92.49399999999989,46.74657172368309,24.562275544146402,62.7445,17,0,baseline
EXP-STA-10N-S49-BASE,"PSDT v1.0-sim (Temporal Closed-Loop Model, frozen for Sprint 11)",uniform,Uniform-Moderate,49,10,Scenario A: Stable,300.0,3000,48.000000000000036,4.800000000000003,61.79999999999896,56,3010,1,1.8604651162790697,36.25713953501032,37.79780713404488,-6.209547382959407,17.344825808929805,1.8604651162790697,12,"{'RELAXED': 5, 'NOMINAL': 4, 'IMMEDIATE': 1}",50166.66666666509,3000,3010,12040.0,1000.0,50.0,90.0239999999999,57.6595473829594,26.48736046498969,62.7445,12,0,baseline
EXP-STA-10N-S50-BASE,"PSDT v1.0-sim (Temporal Closed-Loop Model, frozen for Sprint 11)",uniform,Uniform-Moderate,50,10,Scenario A: Stable,300.0,3000,48.000000000000036,4.800000000000003,61.79999999999896,0,3010,0,0.0,32.7741843414112,31.499018517345796,9.519793472196575,18.33996601794929,0.0,7,"{'NOMINAL': 8, 'RELAXED': 2}",50166.66666666509,3000,3010,12040.0,1000.0,50.0,91.2939999999999,48.6525551141078,29.970315658588802,62.7445,7,0,baseline
EXP-STA-10N-S51-BASE,"PSDT v1.0-sim (Temporal Closed-Loop Model, frozen for Sprint 11)",uniform,Uniform-Moderate,51,10,Scenario A: Stable,300.0,3000,48.000000000000036,4.800000000000003,61.79999999999896,0,3010,0,0.0,30.054337827759348,32.183029863930635,4.94670255918745,10.66282435951697,0.0,22,"{'NOMINAL': 7, 'ELEVATED': 3}",50166.66666666509,3000,3010,12040.0,1000.0,50.0,92.6039999999999,54.44745000201871,32.690162172240655,62.7445,22,0,baseline
EXP-STA-10N-S42-PSM,"PSDT v1.0-sim (Temporal Closed-Loop Model, frozen for Sprint 11)",adaptive,Uniform-Moderate,42,10,Scenario A: Stable,300.0,1819,38.07200000000003,3.807200000000003,42.64979999999965,0,3010,0,0.0,36.544351362440885,35.948423040926095,17.165585712455055,23.671207777936022,0.0,13,"{'RELAXED': 3, 'NOMINAL': 7}",41551.66666666633,3000,3010,9550.0,1396.7275747508306,37.053156146179404,91.63700400000059,49.71941428754495,26.200148637559113,62.7445,13,0,proposed
EXP-STA-10N-S43-PSM,"PSDT v1.0-sim (Temporal Closed-Loop Model, frozen for Sprint 11)",adaptive,Uniform-Moderate,43,10,Scenario A: Stable,300.0,2053,45.616000000000035,4.561600000000004,47.64739999999951,0,3010,0,0.0,33.10708734554458,33.55839526889629,7.850990459935296,16.626996436434496,0.0,28,"{'NOMINAL': 5, 'RELAXED': 4, 'ELEVATED': 1}",45768.33333333333,3000,3010,11438.0,1254.9335548172758,42.91362126245847,91.08705200000037,53.99841945651819,29.637412654455428,62.7445,28,0,proposed
EXP-STA-10N-S44-PSM,"PSDT v1.0-sim (Temporal Closed-Loop Model, frozen for Sprint 11)",adaptive,Uniform-Moderate,44,10,Scenario A: Stable,300.0,1515,31.608000000000022,3.1608000000000023,37.06619999999982,0,3010,0,0.0,40.388813093929166,42.39508094134196,14.721906335719304,21.88313090894648,0.0,8,"{'RELAXED': 5, 'NOMINAL': 5}",36460.00000000004,3000,3010,7928.0,1592.2591362126245,29.508305647840533,92.37867600000097,47.93990089956088,22.355686906070837,62.7445,8,0,proposed
EXP-STA-10N-S45-PSM,"PSDT v1.0-sim (Temporal Closed-Loop Model, frozen for Sprint 11)",adaptive,Uniform-Moderate,45,10,Scenario A: Stable,300.0,1714,37.23200000000003,3.723200000000003,40.894799999999755,0,3010,0,0.0,36.84181220719196,38.12664918222965,17.975969059932844,23.549906713906356,0.0,19,"{'NOMINAL': 4, 'RELAXED': 6}",41159.99999999944,3000,3010,9338.0,1350.4651162790697,36.53488372093023,90.1821040000006,42.09679999022628,25.90268779280804,62.7445,19,0,proposed
EXP-STA-10N-S46-PSM,"PSDT v1.0-sim (Temporal Closed-Loop Model, frozen for Sprint 11)",adaptive,Uniform-Moderate,46,10,Scenario A: Stable,300.0,2068,51.24000000000004,5.124000000000004,49.1919999999995,0,3010,0,0.0,33.170286092483025,29.935465953358236,9.086253900592865,13.8317141832735,0.0,20,"{'NOMINAL': 7, 'ELEVATED': 1, 'RELAXED': 2}",47664.999999998945,3000,3010,12840.0,1252.5996677740864,45.15614617940199,92.50616000000038,50.13281651805816,29.574213907516977,62.7445,20,0,proposed
EXP-STA-10N-S47-PSM,"PSDT v1.0-sim (Temporal Closed-Loop Model, frozen for Sprint 11)",adaptive,Uniform-Moderate,47,10,Scenario A: Stable,300.0,1856,39.13600000000003,3.9136000000000033,43.53839999999963,0,3010,0,0.0,36.39231631238014,34.17862822525981,12.16513981460178,20.456486365285734,0.0,25,"{'RELAXED': 5, 'NOMINAL': 4, 'ELEVATED': 1}",41403.33333333281,3000,3010,9810.0,1437.8322259136212,36.61461794019934,92.35923200000065,54.719860185398225,26.35218368761986,62.7445,25,0,proposed
EXP-STA-10N-S48-PSM,"PSDT v1.0-sim (Temporal Closed-Loop Model, frozen for Sprint 11)",adaptive,Uniform-Moderate,48,10,Scenario A: Stable,300.0,1719,34.096000000000025,3.4096000000000024,40.531399999999685,0,3010,0,0.0,37.794535494287345,38.129050512171354,12.956121002990706,22.140080485946577,0.0,16,"{'RELAXED': 5, 'NOMINAL': 5}",38346.6666666667,3000,3010,8550.0,1527.375415282392,32.2890365448505,92.91937200000083,46.74657172368309,24.94996450571266,62.7445,16,0,proposed
EXP-STA-10N-S49-PSM,"PSDT v1.0-sim (Temporal Closed-Loop Model, frozen for Sprint 11)",adaptive,Uniform-Moderate,49,10,Scenario A: Stable,300.0,1847,48.96,4.896,45.905799999999644,62,3010,1,2.0598006644518274,35.9276368718763,37.44091884921491,-7.3214273940844095,17.31968264677722,2.0598006644518274,12,"{'RELAXED': 5, 'NOMINAL': 4, 'IMMEDIATE': 1}",43678.33333333269,3000,3010,12274.0,1349.265780730897,38.32225913621262,90.34188400000056,58.771427394084405,26.8168631281237,62.7445,12,0,proposed
EXP-STA-10N-S50-PSM,"PSDT v1.0-sim (Temporal Closed-Loop Model, frozen for Sprint 11)",adaptive,Uniform-Moderate,50,10,Scenario A: Stable,300.0,2024,42.59200000000003,4.2592000000000025,46.44279999999953,0,3010,0,0.0,33.34620149576434,33.27064466031592,9.519793472196575,18.668367822358487,0.0,9,"{'NOMINAL': 6, 'RELAXED': 4}",45091.66666666643,3000,3010,10682.0,1244.5348837209303,42.29568106312292,91.60114400000033,51.2216107985155,29.398298504235665,62.7445,9,0,proposed
EXP-STA-10N-S51-PSM,"PSDT v1.0-sim (Temporal Closed-Loop Model, frozen for Sprint 11)",adaptive,Uniform-Moderate,51,10,Scenario A: Stable,300.0,2022,55.13599999999993,5.513599999999993,49.342399999999664,0,3010,0,0.0,30.73466233100596,32.822021443584,4.94670255918745,10.63911235390755,0.0,19,"{'NOMINAL': 6, 'ELEVATED': 3, 'RELAXED': 1}",49444.99999999897,3000,3010,13822.0,1109.9667774086379,47.498338870431894,92.85315200000032,54.04097375961502,32.00983766899404,62.7445,19,0,proposed
EXP-MOD-10N-S42-BASE,"PSDT v1.0-sim (Temporal Closed-Loop Model, frozen for Sprint 11)",uniform,Uniform-Moderate,42,10,Scenario B: Moderate,300.0,3000,48.000000000000036,4.800000000000003,61.79999999999896,0,3010,0,0.0,37.96945298573916,37.85824830659958,15.114228632896626,22.977146313679942,0.0,18,"{'RELAXED': 3, 'NOMINAL': 7}",50166.66666666509,3000,3010,12040.0,1000.0,50.0,91.25399999999989,56.54827136710338,29.25679701426084,67.22625000000001,18,0,baseline
EXP-MOD-10N-S43-BASE,"PSDT v1.0-sim (Temporal Closed-Loop Model, frozen for Sprint 11)",uniform,Uniform-Moderate,43,10,Scenario B: Moderate,300.0,3000,48.000000000000036,4.800000000000003,61.79999999999896,0,3010,0,0.0,36.80856765267234,37.14541855437487,9.40400938344522,19.305104376878706,0.0,29,"{'NOMINAL': 6, 'ELEVATED': 1, 'RELAXED': 3}",50166.66666666509,3000,3010,12040.0,1000.0,50.0,90.80399999999989,55.29929977769909,30.41768234732767,67.22625000000001,29,0,baseline
EXP-MOD-10N-S44-BASE,"PSDT v1.0-sim (Temporal Closed-Loop Model, frozen for Sprint 11)",uniform,Uniform-Moderate,44,10,Scenario B: Moderate,300.0,3000,48.000000000000036,4.800000000000003,61.79999999999896,0,3010,0,0.0,44.33048174908909,47.077125840419896,10.406443872114394,24.89132026681555,0.0,14,"{'RELAXED': 4, 'NOMINAL': 5, 'ELEVATED': 1}",50166.66666666509,3000,3010,12040.0,1000.0,50.0,91.8839999999999,48.538818449374006,22.89576825091092,67.22625000000001,14,0,baseline
EXP-MOD-10N-S45-BASE,"PSDT v1.0-sim (Temporal Closed-Loop Model, frozen for Sprint 11)",uniform,Uniform-Moderate,45,10,Scenario B: Moderate,300.0,3000,48.000000000000036,4.800000000000003,61.79999999999896,0,3010,0,0.0,40.65507172413149,41.46357358503888,20.533733930356775,27.800035232307476,0.0,24,"{'NOMINAL': 5, 'RELAXED': 5}",50166.66666666509,3000,3010,12040.0,1000.0,50.0,89.7639999999999,49.89188516218749,26.57117827586851,67.22625000000001,24,0,baseline
EXP-MOD-10N-S46-BASE,"PSDT v1.0-sim (Temporal Closed-Loop Model, frozen for Sprint 11)",uniform,Uniform-Moderate,46,10,Scenario B: Moderate,300.0,3000,48.000000000000036,4.800000000000003,61.79999999999896,0,3010,0,0.0,36.51946111252536,34.18529314194541,5.852473385870709,15.576078978780972,0.0,19,"{'NOMINAL': 8, 'RELAXED': 2}",50166.66666666509,3000,3010,12040.0,1000.0,50.0,92.25399999999989,50.47065692678461,30.706788887474637,67.22625000000001,19,0,baseline
EXP-MOD-10N-S47-BASE,"PSDT v1.0-sim (Temporal Closed-Loop Model, frozen for Sprint 11)",uniform,Uniform-Moderate,47,10,Scenario B: Moderate,300.0,3000,48.000000000000036,4.800000000000003,61.79999999999896,0,3010,0,0.0,41.10097544259598,38.80629318691329,16.575275630482516,23.528838570836744,0.0,15,"{'RELAXED': 4, 'NOMINAL': 6}",50166.66666666509,3000,3010,12040.0,1000.0,50.0,91.99399999999989,55.08722436951749,26.12527455740402,67.22625000000001,15,0,baseline
EXP-MOD-10N-S48-BASE,"PSDT v1.0-sim (Temporal Closed-Loop Model, frozen for Sprint 11)",uniform,Uniform-Moderate,48,10,Scenario B: Moderate,300.0,3000,48.000000000000036,4.800000000000003,61.79999999999896,0,3010,0,0.0,40.86012036486949,41.242050944755086,12.40789398291119,25.52922104060232,0.0,18,"{'RELAXED': 6, 'NOMINAL': 4}",50166.66666666509,3000,3010,12040.0,1000.0,50.0,92.49399999999989,44.04423914175562,26.366129635130516,67.22625000000001,18,0,baseline
EXP-MOD-10N-S49-BASE,"PSDT v1.0-sim (Temporal Closed-Loop Model, frozen for Sprint 11)",uniform,Uniform-Moderate,49,10,Scenario B: Moderate,300.0,3000,48.000000000000036,4.800000000000003,61.79999999999896,36,3010,1,1.196013289036545,39.98603309811719,40.89386097341793,-3.153984930996735,21.095362366044643,1.196013289036545,20,"{'RELAXED': 5, 'NOMINAL': 4, 'IMMEDIATE': 1}",50166.66666666509,3000,3010,12040.0,1000.0,50.0,90.0239999999999,58.278984930996735,27.240216901882818,67.22625000000001,20,0,baseline
EXP-MOD-10N-S50-BASE,"PSDT v1.0-sim (Temporal Closed-Loop Model, frozen for Sprint 11)",uniform,Uniform-Moderate,50,10,Scenario B: Moderate,300.0,3000,48.000000000000036,4.800000000000003,61.79999999999896,0,3010,0,0.0,35.665836461280676,35.15941911097622,8.364867677055457,18.26524697913083,0.0,19,"{'NOMINAL': 8, 'RELAXED': 2}",50166.66666666509,3000,3010,12040.0,1000.0,50.0,91.2939999999999,53.79592330030096,31.560413538719324,67.22625000000001,19,0,baseline
EXP-MOD-10N-S51-BASE,"PSDT v1.0-sim (Temporal Closed-Loop Model, frozen for Sprint 11)",uniform,Uniform-Moderate,51,10,Scenario B: Moderate,300.0,3000,48.000000000000036,4.800000000000003,61.79999999999896,0,3010,0,0.0,32.19051606293588,33.972611603366126,8.571935623987017,14.24918359947537,0.0,25,"{'NOMINAL': 8, 'ELEVATED': 1, 'RELAXED': 1}",50166.66666666509,3000,3010,12040.0,1000.0,50.0,92.6039999999999,56.412274485707314,35.03573393706412,67.22625000000001,25,0,baseline
EXP-MOD-10N-S42-PSM,"PSDT v1.0-sim (Temporal Closed-Loop Model, frozen for Sprint 11)",adaptive,Uniform-Moderate,42,10,Scenario B: Moderate,300.0,1841,38.32000000000003,3.832000000000003,43.092999999999634,0,3010,0,0.0,37.21157967427067,35.59836838061484,15.114228632896626,22.96940797381972,0.0,18,"{'RELAXED': 5, 'NOMINAL': 5}",41308.333333332994,3000,3010,9610.0,1432.4916943521594,36.59468438538206,91.62814000000063,56.54827136710338,30.014670325729327,67.22625000000001,18,0,proposed
EXP-MOD-10N-S43-PSM,"PSDT v1.0-sim (Temporal Closed-Loop Model, frozen for Sprint 11)",adaptive,Uniform-Moderate,43,10,Scenario B: Moderate,300.0,2004,45.31200000000003,4.531200000000004,46.93679999999955,0,3010,0,0.0,35.65046667351134,35.926823759791574,9.40400938344522,16.44105987624831,0.0,30,"{'NOMINAL': 7, 'RELAXED': 3}",45093.33333333325,3000,3010,11358.0,1298.7707641196014,41.817275747508305,91.10126400000044,58.20371474653602,31.575783326488658,67.22625000000001,30,0,proposed
EXP-MOD-10N-S44-PSM,"PSDT v1.0-sim (Temporal Closed-Loop Model, frozen for Sprint 11)",adaptive,Uniform-Moderate,44,10,Scenario B: Moderate,300.0,1590,33.95200000000003,3.3952000000000027,38.588799999999786,0,3010,0,0.0,43.43983058599483,45.47040719070904,12.219907820396116,25.305919127878443,0.0,17,"{'RELAXED': 5, 'NOMINAL': 4, 'ELEVATED': 1}",38144.9999999999,3000,3010,8514.0,1517.2093023255813,31.970099667774086,92.34822400000084,46.199724426449166,23.786419414005177,67.22625000000001,17,0,proposed
EXP-MOD-10N-S45-PSM,"PSDT v1.0-sim (Temporal Closed-Loop Model, frozen for Sprint 11)",adaptive,Uniform-Moderate,45,10,Scenario B: Moderate,300.0,1603,34.93600000000003,3.493600000000003,38.885399999999834,0,3010,0,0.0,40.67894539082041,42.358785321628346,17.874614059793338,26.480785591529706,0.0,19,"{'NOMINAL': 4, 'RELAXED': 6}",39246.666666666366,3000,3010,8764.0,1433.2392026578073,33.674418604651166,90.22229200000075,50.353761331554395,26.547304609179598,67.22625000000001,19,0,proposed
EXP-MOD-10N-S46-PSM,"PSDT v1.0-sim (Temporal Closed-Loop Model, frozen for Sprint 11)",adaptive,Uniform-Moderate,46,10,Scenario B: Moderate,300.0,2000,42.92800000000003,4.292800000000003,46.36519999999948,0,3010,0,0.0,38.16700388429186,35.234097936418486,10.238495258773213,17.408554546876488,0.0,16,"{'NOMINAL': 7, 'ELEVATED': 1, 'RELAXED': 2}",44004.99999999933,3000,3010,10762.0,1355.3322259136212,40.38205980066445,92.56269600000049,51.598340394730016,29.059246115708145,67.22625000000001,16,0,proposed
EXP-MOD-10N-S47-PSM,"PSDT v1.0-sim (Temporal Closed-Loop Model, frozen for Sprint 11)",adaptive,Uniform-Moderate,47,10,Scenario B: Moderate,300.0,1838,39.08800000000003,3.908800000000003,43.30719999999967,0,3010,0,0.0,39.120704461744666,38.00112423791579,14.659890908093587,18.76584409360661,0.0,21,"{'RELAXED': 5, 'NOMINAL': 4, 'ELEVATED': 1}",41094.999999999556,3000,3010,9798.0,1449.0199335548173,36.096345514950166,92.3638560000007,56.84414096746324,28.10554553825534,67.22625000000001,21,0,proposed
EXP-MOD-10N-S48-PSM,"PSDT v1.0-sim (Temporal Closed-Loop Model, frozen for Sprint 11)",adaptive,Uniform-Moderate,48,10,Scenario B: Moderate,300.0,1719,34.82400000000003,3.482400000000003,40.65059999999971,0,3010,0,0.0,40.67056004315391,40.98700903289952,12.534602275243117,25.562602199100102,0.0,24,"{'RELAXED': 6, 'NOMINAL': 4}",38888.33333333349,3000,3010,8730.0,1494.21926910299,33.08637873754153,92.91698800000079,44.13819198114669,26.555689956846095,67.22625000000001,24,0,proposed
EXP-MOD-10N-S49-PSM,"PSDT v1.0-sim (Temporal Closed-Loop Model, frozen for Sprint 11)",adaptive,Uniform-Moderate,49,10,Scenario B: Moderate,300.0,1808,43.472000000000016,4.347200000000002,43.88119999999971,37,3010,1,1.229235880398671,38.797587354827144,40.507475146750224,-3.815388853529633,20.97650575429319,1.229235880398671,23,"{'RELAXED': 4, 'NOMINAL': 5, 'IMMEDIATE': 1}",42656.666666666315,3000,3010,10902.0,1343.4285714285713,37.80398671096346,90.38237600000059,58.94038885352963,28.42866264517286,67.22625000000001,23,0,proposed
EXP-MOD-10N-S50-PSM,"PSDT v1.0-sim (Temporal Closed-Loop Model, frozen for Sprint 11)",adaptive,Uniform-Moderate,50,10,Scenario B: Moderate,300.0,1929,42.93600000000003,4.293600000000003,45.17939999999962,0,3010,0,0.0,35.997359445367714,37.03771167044866,8.364867677055457,17.836900596618285,0.0,19,"{'NOMINAL': 6, 'RELAXED': 4}",44736.66666666606,3000,3010,10768.0,1253.5714285714287,41.627906976744185,91.62641200000039,54.43670661907614,31.228890554632287,67.22625000000001,19,0,proposed
EXP-MOD-10N-S51-PSM,"PSDT v1.0-sim (Temporal Closed-Loop Model, frozen for Sprint 11)",adaptive,Uniform-Moderate,51,10,Scenario B: Moderate,300.0,2002,51.17600000000001,5.117600000000001,48.05239999999965,0,3010,0,0.0,32.480631412124445,33.839087132882334,8.571935623987017,13.85772438984403,0.0,24,"{'RELAXED': 2, 'ELEVATED': 1, 'NOMINAL': 7}",48454.99999999893,3000,3010,12832.0,1111.5697674418604,46.51162790697674,92.87895200000028,56.219401573181976,34.745618587875555,67.22625000000001,24,0,proposed
EXP-CHA-10N-S42-BASE,"PSDT v1.0-sim (Temporal Closed-Loop Model, frozen for Sprint 11)",uniform,Uniform-Moderate,42,10,Scenario C: Dynamic/Challenging,300.0,3000,48.000000000000036,4.800000000000003,61.79999999999896,0,3010,0,0.0,41.02224682998091,40.8545196377418,17.59569683001002,26.24663039329847,0.0,29,"{'RELAXED': 6, 'NOMINAL': 3, 'ELEVATED': 1}",50166.66666666509,3000,3010,12040.0,1000.0,50.0,91.25399999999989,63.48530316998998,28.10518406702906,69.12743089700997,29,0,baseline
EXP-CHA-10N-S43-BASE,"PSDT v1.0-sim (Temporal Closed-Loop Model, frozen for Sprint 11)",uniform,Uniform-Moderate,43,10,Scenario C: Dynamic/Challenging,300.0,3000,48.000000000000036,4.800000000000003,61.79999999999896,0,3010,0,0.0,38.426688268085066,38.555777811298185,8.950990459935298,23.79996310337784,0.0,28,"{'ELEVATED': 1, 'NOMINAL': 7, 'RELAXED': 2}",50166.66666666509,3000,3010,12040.0,1000.0,50.0,90.80399999999989,55.29929977769909,30.700742628924907,69.12743089700997,28,0,baseline
EXP-CHA-10N-S44-BASE,"PSDT v1.0-sim (Temporal Closed-Loop Model, frozen for Sprint 11)",uniform,Uniform-Moderate,44,10,Scenario C: Dynamic/Challenging,300.0,3000,48.000000000000036,4.800000000000003,61.79999999999896,0,3010,0,0.0,45.2953424996305,46.50588738486745,14.805156115101958,23.17311351443494,0.0,20,"{'RELAXED': 5, 'NOMINAL': 5}",50166.66666666509,3000,3010,12040.0,1000.0,50.0,91.8839999999999,48.538818449374006,23.83208839737947,69.12743089700997,20,0,baseline
EXP-CHA-10N-S45-BASE,"PSDT v1.0-sim (Temporal Closed-Loop Model, frozen for Sprint 11)",uniform,Uniform-Moderate,45,10,Scenario C: Dynamic/Challenging,300.0,3000,48.000000000000036,4.800000000000003,61.79999999999896,0,3010,0,0.0,41.19290927695378,41.13794679158573,18.32885391616353,27.425023392568104,0.0,40,"{'RELAXED': 5, 'NOMINAL': 5}",50166.66666666509,3000,3010,12040.0,1000.0,50.0,89.7639999999999,50.35179019256633,27.9345216200562,69.12743089700997,40,0,baseline
EXP-CHA-10N-S46-BASE,"PSDT v1.0-sim (Temporal Closed-Loop Model, frozen for Sprint 11)",uniform,Uniform-Moderate,46,10,Scenario C: Dynamic/Challenging,300.0,3000,48.000000000000036,4.800000000000003,61.79999999999896,0,3010,0,0.0,38.239153865655666,36.40612606939313,9.453548566781897,16.21896296014124,0.0,21,"{'NOMINAL': 6, 'RELAXED': 4}",50166.66666666509,3000,3010,12040.0,1000.0,50.0,92.25399999999989,55.790119478215274,30.888277031354306,69.12743089700997,21,0,baseline
EXP-CHA-10N-S47-BASE,"PSDT v1.0-sim (Temporal Closed-Loop Model, frozen for Sprint 11)",uniform,Uniform-Moderate,47,10,Scenario C: Dynamic/Challenging,300.0,3000,48.000000000000036,4.800000000000003,61.79999999999896,0,3010,0,0.0,41.74078523989007,39.240164736216144,16.90190135306129,25.37520038945924,0.0,16,"{'RELAXED': 5, 'NOMINAL': 5}",50166.66666666509,3000,3010,12040.0,1000.0,50.0,91.99399999999989,59.576440537601755,27.3866456571199,69.12743089700997,16,0,baseline
EXP-CHA-10N-S48-BASE,"PSDT v1.0-sim (Temporal Closed-Loop Model, frozen for Sprint 11)",uniform,Uniform-Moderate,48,10,Scenario C: Dynamic/Challenging,300.0,3000,48.000000000000036,4.800000000000003,61.79999999999896,0,3010,0,0.0,42.38836295238865,41.82871855225183,12.554776961830001,27.976549739977678,0.0,25,"{'RELAXED': 4, 'NOMINAL': 6}",50166.66666666509,3000,3010,12040.0,1000.0,50.0,92.49399999999989,53.053125999661994,26.739067944621326,69.12743089700997,25,0,baseline
EXP-CHA-10N-S49-BASE,"PSDT v1.0-sim (Temporal Closed-Loop Model, frozen for Sprint 11)",uniform,Uniform-Moderate,49,10,Scenario C: Dynamic/Challenging,300.0,3000,48.000000000000036,4.800000000000003,61.79999999999896,0,3010,0,0.0,41.52878627735522,41.39063432578445,4.902625349500049,20.526326050463435,0.0,22,"{'RELAXED': 6, 'NOMINAL': 3, 'ELEVATED': 1}",50166.66666666509,3000,3010,12040.0,1000.0,50.0,90.0239999999999,57.46737465049996,27.598644619654753,69.12743089700997,22,0,baseline
EXP-CHA-10N-S50-BASE,"PSDT v1.0-sim (Temporal Closed-Loop Model, frozen for Sprint 11)",uniform,Uniform-Moderate,50,10,Scenario C: Dynamic/Challenging,300.0,3000,48.000000000000036,4.800000000000003,61.79999999999896,0,3010,0,0.0,37.016905784228456,36.05475058410427,12.232144334660838,20.133594675567018,0.0,29,"{'ELEVATED': 1, 'NOMINAL': 8, 'RELAXED': 1}",50166.66666666509,3000,3010,12040.0,1000.0,50.0,91.2939999999999,59.09270210464982,32.11052511278151,69.12743089700997,29,0,baseline
EXP-CHA-10N-S51-BASE,"PSDT v1.0-sim (Temporal Closed-Loop Model, frozen for Sprint 11)",uniform,Uniform-Moderate,51,10,Scenario C: Dynamic/Challenging,300.0,3000,48.000000000000036,4.800000000000003,61.79999999999896,0,3010,0,0.0,35.308005995791625,36.17167527059852,8.796702559187452,14.40526993422635,0.0,38,"{'NOMINAL': 5, 'ELEVATED': 1, 'RELAXED': 4}",50166.66666666509,3000,3010,12040.0,1000.0,50.0,92.6039999999999,56.412274485707314,33.81942490121835,69.12743089700997,38,0,baseline
EXP-CHA-10N-S42-PSM,"PSDT v1.0-sim (Temporal Closed-Loop Model, frozen for Sprint 11)",adaptive,Uniform-Moderate,42,10,Scenario C: Dynamic/Challenging,300.0,1770,37.456000000000024,3.7456000000000023,41.8323999999997,0,3010,0,0.0,40.69094024899637,40.25712461558467,17.59569683001002,26.99495951880579,0.0,28,"{'RELAXED': 3, 'NOMINAL': 6, 'ELEVATED': 1}",40979.99999999964,3000,3010,9396.0,1411.528239202658,36.18604651162791,91.65335200000064,63.48530316998998,28.436490648013606,69.12743089700997,28,0,proposed
EXP-CHA-10N-S43-PSM,"PSDT v1.0-sim (Temporal Closed-Loop Model, frozen for Sprint 11)",adaptive,Uniform-Moderate,43,10,Scenario C: Dynamic/Challenging,300.0,1931,41.99200000000003,4.199200000000003,45.10779999999959,0,3010,0,0.0,38.126668680941656,38.43598548438534,8.950990459935298,20.243849953297882,0.0,33,"{'ELEVATED': 1, 'RELAXED': 5, 'NOMINAL': 4}",43716.66666666668,3000,3010,10532.0,1317.9734219269103,40.053156146179404,91.13784400000047,58.18071960773183,31.00076221606832,69.12743089700997,33,0,proposed
EXP-CHA-10N-S44-PSM,"PSDT v1.0-sim (Temporal Closed-Loop Model, frozen for Sprint 11)",adaptive,Uniform-Moderate,44,10,Scenario C: Dynamic/Challenging,300.0,1547,32.19200000000002,3.219200000000002,37.65379999999981,0,3010,0,0.0,44.666166099024835,46.033430595185926,14.934910505700195,23.25947736979289,0.0,19,"{'NOMINAL': 6, 'RELAXED': 4}",36829.999999999854,3000,3010,8074.0,1585.6644518272426,30.036544850498338,92.36692400000094,48.454726676386926,24.461264797985134,69.12743089700997,19,0,proposed
EXP-CHA-10N-S45-PSM,"PSDT v1.0-sim (Temporal Closed-Loop Model, frozen for Sprint 11)",adaptive,Uniform-Moderate,45,10,Scenario C: Dynamic/Challenging,300.0,1633,35.66400000000003,3.566400000000003,39.444599999999845,0,3010,0,0.0,41.577137194480116,41.062875868542605,21.40226230426455,26.292090347495833,0.0,29,"{'RELAXED': 6, 'NOMINAL': 4}",39853.33333333313,3000,3010,8946.0,1404.4019933554816,34.58139534883721,90.2111080000007,50.74452845646003,27.550293702529856,69.12743089700997,29,0,proposed
EXP-CHA-10N-S46-PSM,"PSDT v1.0-sim (Temporal Closed-Loop Model, frozen for Sprint 11)",adaptive,Uniform-Moderate,46,10,Scenario C: Dynamic/Challenging,300.0,2045,45.86400000000003,4.586400000000003,47.69659999999948,0,3010,0,0.0,37.89521922289609,36.328381826233006,9.549880521784743,15.892883330306715,0.0,21,"{'NOMINAL': 8, 'RELAXED': 2}",45191.66666666601,3000,3010,11496.0,1336.2790697674418,41.88704318936877,92.53606800000045,55.790119478215274,31.232211674113888,69.12743089700997,21,0,proposed
EXP-CHA-10N-S47-PSM,"PSDT v1.0-sim (Temporal Closed-Loop Model, frozen for Sprint 11)",adaptive,Uniform-Moderate,47,10,Scenario C: Dynamic/Challenging,300.0,1846,37.29600000000003,3.7296000000000027,43.026399999999605,0,3010,0,0.0,40.57883996460404,37.07853617179233,15.899255889390972,24.09232834465246,0.0,28,"{'NOMINAL': 5, 'RELAXED': 5}",40371.66666666621,3000,3010,9350.0,1507.6910299003323,35.179401993355484,92.3694720000007,56.962761950893146,28.548590932405933,69.12743089700997,28,0,proposed
EXP-CHA-10N-S48-PSM,"PSDT v1.0-sim (Temporal Closed-Loop Model, frozen for Sprint 11)",adaptive,Uniform-Moderate,48,10,Scenario C: Dynamic/Challenging,300.0,1720,33.36000000000002,3.336000000000002,40.40399999999967,0,3010,0,0.0,43.3827533601192,42.18519422620555,16.073995077434944,29.316267297064137,0.0,15,"{'RELAXED': 6, 'NOMINAL': 4}",37920.00000000001,3000,3010,8366.0,1556.528239202658,31.691029900332225,92.92192000000085,53.053125999661994,25.74467753689077,69.12743089700997,15,0,proposed
EXP-CHA-10N-S49-PSM,"PSDT v1.0-sim (Temporal Closed-Loop Model, frozen for Sprint 11)",adaptive,Uniform-Moderate,49,10,Scenario C: Dynamic/Challenging,300.0,1746,38.16800000000003,3.816800000000003,41.72119999999975,0,3010,0,0.0,41.423997950142,41.993493031545526,3.63002592551684,20.649303817750525,0.0,24,"{'RELAXED': 6, 'NOMINAL': 3, 'ELEVATED': 1}",40739.999999999745,3000,3010,9576.0,1411.9435215946844,35.647840531561464,90.42557600000069,58.73997407448317,27.703432946867974,69.12743089700997,24,0,proposed
EXP-CHA-10N-S50-PSM,"PSDT v1.0-sim (Temporal Closed-Loop Model, frozen for Sprint 11)",adaptive,Uniform-Moderate,50,10,Scenario C: Dynamic/Challenging,300.0,2007,43.57600000000003,4.357600000000003,46.40939999999956,0,3010,0,0.0,36.60822885154727,35.61140245525202,12.232144334660838,19.63910013895721,0.0,23,"{'ELEVATED': 1, 'NOMINAL': 6, 'RELAXED': 3}",45479.999999999585,3000,3010,10928.0,1228.8538205980067,42.78405315614618,91.60181200000031,59.450272351322354,32.519202045462706,69.12743089700997,23,0,proposed
EXP-CHA-10N-S51-PSM,"PSDT v1.0-sim (Temporal Closed-Loop Model, frozen for Sprint 11)",adaptive,Uniform-Moderate,51,10,Scenario C: Dynamic/Challenging,300.0,1906,46.624000000000024,4.6624000000000025,45.66559999999967,0,3010,0,0.0,36.05887676270631,36.500297212218996,8.796702559187452,14.86881607164943,0.0,30,"{'NOMINAL': 5, 'ELEVATED': 1, 'RELAXED': 4}",46201.66666666559,3000,3010,11694.0,1196.2707641196014,43.47176079734219,92.92668800000037,56.219401573181976,33.06855413430366,69.12743089700997,30,0,proposed
EXP-STA-20N-S42-BASE,"PSDT v1.0-sim (Temporal Closed-Loop Model, frozen for Sprint 11)",uniform,Uniform-Moderate,42,20,Scenario A: Stable,300.0,6000,96.00000000000007,4.800000000000003,123.59999999999792,0,6020,0,0.0,36.34724963536398,35.53207927424334,4.835878372842359,17.69810369404467,0.0,30,"{'RELAXED': 9, 'NOMINAL': 7, 'ELEVATED': 4}",100333.33333333964,6000,6020,24080.0,1000.0,50.0,91.36899999999989,62.049121627157646,26.65450036463602,63.00175000000001,30,0,baseline
EXP-STA-20N-S43-BASE,"PSDT v1.0-sim (Temporal Closed-Loop Model, frozen for Sprint 11)",uniform,Uniform-Moderate,43,20,Scenario A: Stable,300.0,6000,96.00000000000007,4.800000000000003,123.59999999999792,0,6020,0,0.0,35.23620020504168,34.93997267776679,7.74158054348181,18.975904780226827,0.0,33,"{'NOMINAL': 10, 'ELEVATED': 2, 'RELAXED': 8}",100333.33333333964,6000,6020,24080.0,1000.0,50.0,92.5239999999999,61.1384807703176,27.76554979495832,63.00175000000001,33,0,baseline
EXP-STA-20N-S44-BASE,"PSDT v1.0-sim (Temporal Closed-Loop Model, frozen for Sprint 11)",uniform,Uniform-Moderate,44,20,Scenario A: Stable,300.0,6000,96.00000000000007,4.800000000000003,123.59999999999792,51,6020,1,0.8471760797342193,36.02828840264039,38.86135649759461,-4.2160515800655745,12.398761416577422,0.8471760797342193,33,"{'RELAXED': 6, 'NOMINAL': 11, 'ELEVATED': 2, 'IMMEDIATE': 1}",100333.33333333964,6000,6020,24080.0,1000.0,50.0,91.9589999999999,55.66605158006557,26.973461597359616,63.00175000000001,33,0,baseline
EXP-STA-20N-S45-BASE,"PSDT v1.0-sim (Temporal Closed-Loop Model, frozen for Sprint 11)",uniform,Uniform-Moderate,45,20,Scenario A: Stable,300.0,6000,96.00000000000007,4.800000000000003,123.59999999999792,0,6020,0,0.0,31.91798576376061,32.62311253073859,7.601596506193388,16.212672150463952,0.0,42,"{'NOMINAL': 12, 'RELAXED': 5, 'ELEVATED': 3}",100333.33333333964,6000,6020,24080.0,1000.0,50.0,90.1889999999999,57.0421751253262,31.083764236239396,63.00175000000001,42,0,baseline
EXP-STA-20N-S46-BASE,"PSDT v1.0-sim (Temporal Closed-Loop Model, frozen for Sprint 11)",uniform,Uniform-Moderate,46,20,Scenario A: Stable,300.0,6000,96.00000000000007,4.800000000000003,123.59999999999792,0,6020,0,0.0,31.843547895511396,32.55220177214831,1.7227378114958896,12.85285657748486,0.0,38,"{'NOMINAL': 9, 'ELEVATED': 6, 'RELAXED': 5}",100333.33333333964,6000,6020,24080.0,1000.0,50.0,91.7739999999999,57.4182942430161,31.158202104488613,63.00175000000001,38,0,baseline
EXP-STA-20N-S47-BASE,"PSDT v1.0-sim (Temporal Closed-Loop Model, frozen for Sprint 11)",uniform,Uniform-Moderate,47,20,Scenario A: Stable,300.0,6000,96.00000000000007,4.800000000000003,123.59999999999792,62,6020,1,1.0299003322259137,34.72117901199024,35.88428915557074,-5.768653737694201,17.995955322157144,1.0299003322259137,32,"{'RELAXED': 7, 'NOMINAL': 11, 'ELEVATED': 1, 'IMMEDIATE': 1}",100333.33333333964,6000,6020,24080.0,1000.0,50.0,91.2639999999999,57.2186537376942,28.280570988009764,63.00175000000001,32,0,baseline
EXP-STA-20N-S48-BASE,"PSDT v1.0-sim (Temporal Closed-Loop Model, frozen for Sprint 11)",uniform,Uniform-Moderate,48,20,Scenario A: Stable,300.0,6000,96.00000000000007,4.800000000000003,123.59999999999792,0,6020,0,0.0,38.30407144309085,37.108548895943414,5.65466934824579,21.340095869796325,0.0,24,"{'RELAXED': 7, 'NOMINAL': 12, 'ELEVATED': 1}",100333.33333333964,6000,6020,24080.0,1000.0,50.0,93.2789999999999,45.795330651754206,24.697678556909157,63.00175000000001,24,0,baseline
EXP-STA-20N-S49-BASE,"PSDT v1.0-sim (Temporal Closed-Loop Model, frozen for Sprint 11)",uniform,Uniform-Moderate,49,20,Scenario A: Stable,300.0,6000,96.00000000000007,4.800000000000003,123.59999999999792,0,6020,0,0.0,34.82925111362853,34.730317631183055,9.225452617040602,18.555557345640175,0.0,30,"{'RELAXED': 9, 'NOMINAL': 9, 'ELEVATED': 2}",100333.33333333964,6000,6020,24080.0,1000.0,50.0,90.6689999999999,57.6595473829594,28.172498886371468,63.00175000000001,30,0,baseline
EXP-STA-20N-S50-BASE,"PSDT v1.0-sim (Temporal Closed-Loop Model, frozen for Sprint 11)",uniform,Uniform-Moderate,50,20,Scenario A: Stable,300.0,6000,96.00000000000007,4.800000000000003,123.59999999999792,0,6020,0,0.0,34.217846042425606,33.087355320852694,2.642979514978606,17.32888719688271,0.0,32,"{'NOMINAL': 10, 'RELAXED': 8, 'ELEVATED': 2}",100333.33333333964,6000,6020,24080.0,1000.0,50.0,90.50399999999989,57.13672379675596,28.783903957574395,63.00175000000001,32,0,baseline
EXP-STA-20N-S51-BASE,"PSDT v1.0-sim (Temporal Closed-Loop Model, frozen for Sprint 11)",uniform,Uniform-Moderate,51,20,Scenario A: Stable,300.0,6000,96.00000000000007,4.800000000000003,123.59999999999792,0,6020,0,0.0,33.91343797270861,32.93568278955988,4.94670255918745,11.31035847951697,0.0,39,"{'NOMINAL': 14, 'ELEVATED': 3, 'RELAXED': 3}",100333.33333333964,6000,6020,24080.0,1000.0,50.0,92.1089999999999,54.44745000201871,29.08831202729139,63.00175000000001,39,0,baseline
EXP-STA-20N-S42-PSM,"PSDT v1.0-sim (Temporal Closed-Loop Model, frozen for Sprint 11)",adaptive,Uniform-Moderate,42,20,Scenario A: Stable,300.0,3708,82.15200000000006,4.107600000000003,87.76079999999932,0,6020,0,0.0,36.273368425517454,35.83115204615554,7.164252006690937,18.349795953024884,0.0,36,"{'RELAXED': 8, 'NOMINAL': 9, 'ELEVATED': 3}",85128.33333333522,6000,6020,20600.0,1373.6171096345515,38.24916943521595,91.72739200000059,59.72074799330907,26.728381574482547,63.00175000000001,36,0,proposed
EXP-STA-20N-S43-PSM,"PSDT v1.0-sim (Temporal Closed-Loop Model, frozen for Sprint 11)",adaptive,Uniform-Moderate,43,20,Scenario A: Stable,300.0,3907,83.85600000000007,4.192800000000004,90.9373999999991,0,6020,0,0.0,34.918259299541106,34.62161551529169,7.74158054348181,18.130077399627677,0.0,38,"{'NOMINAL': 9, 'RELAXED': 9, 'ELEVATED': 2}",86921.66666666754,6000,6020,21026.0,1359.0365448504983,39.62956810631229,92.85062600000052,61.341139771447935,28.083490700458896,63.00175000000001,38,0,proposed
EXP-STA-20N-S44-PSM,"PSDT v1.0-sim (Temporal Closed-Loop Model, frozen for Sprint 11)",adaptive,Uniform-Moderate,44,20,Scenario A: Stable,300.0,3560,91.07199999999997,4.5535999999999985,88.02919999999946,51,6020,1,0.8471760797342193,36.229270143152256,38.65937791875042,-4.2160515800655745,13.932102745926956,0.8471760797342193,33,"{'RELAXED': 6, 'NOMINAL': 11, 'ELEVATED': 2, 'IMMEDIATE': 1}",85916.66666666763,6000,6020,22834.0,1350.904485049834,37.94518272425249,92.31470800000064,55.66605158006557,26.772479856847742,63.00175000000001,33,0,proposed
EXP-STA-20N-S45-PSM,"PSDT v1.0-sim (Temporal Closed-Loop Model, frozen for Sprint 11)",adaptive,Uniform-Moderate,45,20,Scenario A: Stable,300.0,4017,92.32800000000003,4.616400000000001,94.17419999999913,0,6020,0,0.0,32.20927003642373,33.30662458571909,7.601596506193388,15.892151690401736,0.0,41,"{'NOMINAL': 11, 'RELAXED': 6, 'ELEVATED': 3}",92161.66666666894,6000,6020,23158.0,1177.4294019933554,43.34717607973422,90.48325800000035,57.07570172169865,30.79247996357627,63.00175000000001,41,0,proposed
EXP-STA-20N-S46-PSM,"PSDT v1.0-sim (Temporal Closed-Loop Model, frozen for Sprint 11)",adaptive,Uniform-Moderate,46,20,Scenario A: Stable,300.0,4128,103.40800000000007,5.170400000000003,98.2891999999992,0,6020,0,0.0,32.132211227848224,33.169853747383755,2.394624295975838,12.74822883636251,0.0,31,"{'NOMINAL': 8, 'ELEVATED': 7, 'RELAXED': 5}",96788.33333333784,6000,6020,25918.0,1160.6852159468438,46.317275747508305,92.0271080000003,57.316709305418335,30.869538772151774,63.00175000000001,31,0,proposed
EXP-STA-20N-S47-PSM,"PSDT v1.0-sim (Temporal Closed-Loop Model, frozen for Sprint 11)",adaptive,Uniform-Moderate,47,20,Scenario A: Stable,300.0,3633,91.50400000000002,4.575200000000001,89.22979999999941,76,6020,1,1.2624584717607974,34.137400196286656,35.29411573764054,-5.78249582394691,16.764490771746928,1.2624584717607974,30,"{'RELAXED': 7, 'NOMINAL': 11, 'ELEVATED': 1, 'IMMEDIATE': 1}",86038.33333333473,6000,6020,22932.0,1372.06146179402,37.95348837209303,91.6077020000006,57.232495823946905,28.864349803713353,63.00175000000001,30,0,proposed
EXP-STA-20N-S48-PSM,"PSDT v1.0-sim (Temporal Closed-Loop Model, frozen for Sprint 11)",adaptive,Uniform-Moderate,48,20,Scenario A: Stable,300.0,3415,71.21600000000005,3.5608000000000026,81.1753999999994,0,6020,0,0.0,38.84616476511798,37.19208919913966,8.292370250406456,22.811781982911217,0.0,13,"{'RELAXED': 8, 'NOMINAL': 11, 'ELEVATED': 1}",79190.00000000202,6000,6020,17856.0,1489.06146179402,34.15282392026578,93.70324600000073,44.37914536938821,24.155585234882018,63.00175000000001,13,0,proposed
EXP-STA-20N-S49-PSM,"PSDT v1.0-sim (Temporal Closed-Loop Model, frozen for Sprint 11)",adaptive,Uniform-Moderate,49,20,Scenario A: Stable,300.0,3715,83.53600000000006,4.176800000000003,87.99739999999936,0,6020,0,0.0,34.49623639046649,34.43406372739145,9.225452617040602,18.4230965393313,0.0,26,"{'RELAXED': 9, 'NOMINAL': 7, 'ELEVATED': 4}",86725.00000000214,6000,6020,20946.0,1313.0980066445184,39.490033222591364,91.02502600000051,58.6435665907312,28.50551360953351,63.00175000000001,26,0,proposed
EXP-STA-20N-S50-PSM,"PSDT v1.0-sim (Temporal Closed-Loop Model, frozen for Sprint 11)",adaptive,Uniform-Moderate,50,20,Scenario A: Stable,300.0,4048,89.52000000000007,4.4760000000000035,93.9579999999991,0,6020,0,0.0,33.708752381232514,32.764296773907255,0.9826888839733599,17.011079460498316,0.0,27,"{'NOMINAL': 11, 'RELAXED': 7, 'ELEVATED': 2}",91321.66666667056,6000,6020,22444.0,1251.3953488372092,42.883720930232556,90.80042000000034,60.35694124622291,29.292997618767487,63.00175000000001,27,0,proposed
EXP-STA-20N-S51-PSM,"PSDT v1.0-sim (Temporal Closed-Loop Model, frozen for Sprint 11)",adaptive,Uniform-Moderate,51,20,Scenario A: Stable,300.0,3904,90.88799999999999,4.5443999999999996,92.5991999999992,0,6020,0,0.0,34.73082387468635,34.14390372669678,4.94670255918745,11.910722905753884,0.0,35,"{'NOMINAL': 14, 'ELEVATED': 3, 'RELAXED': 3}",88965.00000000044,6000,6020,22780.0,1350.112126245847,40.75083056478405,92.41900800000053,54.44745000201871,28.27092612531365,63.00175000000001,35,0,proposed
EXP-MOD-20N-S42-BASE,"PSDT v1.0-sim (Temporal Closed-Loop Model, frozen for Sprint 11)",uniform,Uniform-Moderate,42,20,Scenario B: Moderate,300.0,6000,96.00000000000007,4.800000000000003,123.59999999999792,0,6020,0,0.0,38.65896469482309,38.21473481265008,8.025430350157855,20.382459680137078,0.0,31,"{'RELAXED': 7, 'NOMINAL': 11, 'ELEVATED': 2}",100333.33333333964,6000,6020,24080.0,1000.0,50.0,91.36899999999989,63.637069649842154,28.842910305176908,67.50187500000001,31,0,baseline
EXP-MOD-20N-S43-BASE,"PSDT v1.0-sim (Temporal Closed-Loop Model, frozen for Sprint 11)",uniform,Uniform-Moderate,43,20,Scenario B: Moderate,300.0,6000,96.00000000000007,4.800000000000003,123.59999999999792,0,6020,0,0.0,38.18447674358483,38.39881109789208,9.40400938344522,21.654483907927553,0.0,50,"{'NOMINAL': 13, 'ELEVATED': 1, 'RELAXED': 6}",100333.33333333964,6000,6020,24080.0,1000.0,50.0,92.5239999999999,61.1384807703176,29.317398256415174,67.50187500000001,50,0,baseline
EXP-MOD-20N-S44-BASE,"PSDT v1.0-sim (Temporal Closed-Loop Model, frozen for Sprint 11)",uniform,Uniform-Moderate,44,20,Scenario B: Moderate,300.0,6000,96.00000000000007,4.800000000000003,123.59999999999792,4,6020,1,0.0664451827242525,39.35148393920903,42.17434095601191,-0.5410515800655702,16.38668114440396,0.0664451827242525,37,"{'RELAXED': 7, 'NOMINAL': 12, 'ELEVATED': 1}",100333.33333333964,6000,6020,24080.0,1000.0,50.0,91.9589999999999,55.66605158006557,28.150391060790966,67.50187500000001,37,0,baseline
EXP-MOD-20N-S45-BASE,"PSDT v1.0-sim (Temporal Closed-Loop Model, frozen for Sprint 11)",uniform,Uniform-Moderate,45,20,Scenario B: Moderate,300.0,6000,96.00000000000007,4.800000000000003,123.59999999999792,0,6020,0,0.0,36.38198528568241,37.85643175981552,8.949881004184675,18.31388008087032,0.0,45,"{'NOMINAL': 10, 'RELAXED': 7, 'ELEVATED': 3}",100333.33333333964,6000,6020,24080.0,1000.0,50.0,90.1889999999999,57.0421751253262,31.119889714317594,67.50187500000001,45,0,baseline
EXP-MOD-20N-S46-BASE,"PSDT v1.0-sim (Temporal Closed-Loop Model, frozen for Sprint 11)",uniform,Uniform-Moderate,46,20,Scenario B: Moderate,300.0,6000,96.00000000000007,4.800000000000003,123.59999999999792,0,6020,0,0.0,35.46463413113221,35.36046398409152,4.764187556223241,15.303182756684835,0.0,35,"{'NOMINAL': 12, 'RELAXED': 5, 'ELEVATED': 3}",100333.33333333964,6000,6020,24080.0,1000.0,50.0,91.7739999999999,56.01622483941999,32.03724086886779,67.50187500000001,35,0,baseline
EXP-MOD-20N-S47-BASE,"PSDT v1.0-sim (Temporal Closed-Loop Model, frozen for Sprint 11)",uniform,Uniform-Moderate,47,20,Scenario B: Moderate,300.0,6000,96.00000000000007,4.800000000000003,123.59999999999792,30,6020,1,0.4983388704318937,37.83299586459633,38.58664655939238,-2.093653737694197,17.25346172339425,0.4983388704318937,29,"{'RELAXED': 5, 'NOMINAL': 14, 'IMMEDIATE': 1}",100333.33333333964,6000,6020,24080.0,1000.0,50.0,91.2639999999999,57.2186537376942,29.66887913540368,67.50187500000001,29,0,baseline
EXP-MOD-20N-S48-BASE,"PSDT v1.0-sim (Temporal Closed-Loop Model, frozen for Sprint 11)",uniform,Uniform-Moderate,48,20,Scenario B: Moderate,300.0,6000,96.00000000000007,4.800000000000003,123.59999999999792,0,6020,0,0.0,40.63510144818343,40.357953431442084,8.450567481404981,21.868362283966178,0.0,31,"{'RELAXED': 10, 'NOMINAL': 9, 'ELEVATED': 1}",100333.33333333964,6000,6020,24080.0,1000.0,50.0,93.2789999999999,51.17202210291331,26.866773551816575,67.50187500000001,31,0,baseline
EXP-MOD-20N-S49-BASE,"PSDT v1.0-sim (Temporal Closed-Loop Model, frozen for Sprint 11)",uniform,Uniform-Moderate,49,20,Scenario B: Moderate,300.0,6000,96.00000000000007,4.800000000000003,123.59999999999792,0,6020,0,0.0,38.4674752097708,39.08735183276231,10.626349732168045,22.050657556140617,0.0,36,"{'RELAXED': 9, 'NOMINAL': 9, 'ELEVATED': 2}",100333.33333333964,6000,6020,24080.0,1000.0,50.0,90.6689999999999,58.278984930996735,29.03439979022921,67.50187500000001,36,0,baseline
EXP-MOD-20N-S50-BASE,"PSDT v1.0-sim (Temporal Closed-Loop Model, frozen for Sprint 11)",uniform,Uniform-Moderate,50,20,Scenario B: Moderate,300.0,6000,96.00000000000007,4.800000000000003,123.59999999999792,0,6020,0,0.0,37.70702440751517,36.67328304228241,8.364867677055457,19.148504620521507,0.0,39,"{'NOMINAL': 10, 'RELAXED': 8, 'ELEVATED': 2}",100333.33333333964,6000,6020,24080.0,1000.0,50.0,90.50399999999989,58.13764263419594,29.79485059248483,67.50187500000001,39,0,baseline
EXP-MOD-20N-S51-BASE,"PSDT v1.0-sim (Temporal Closed-Loop Model, frozen for Sprint 11)",uniform,Uniform-Moderate,51,20,Scenario B: Moderate,300.0,6000,96.00000000000007,4.800000000000003,123.59999999999792,0,6020,0,0.0,36.674609313378376,36.18909807490184,8.571935623987017,14.099221012874311,0.0,42,"{'NOMINAL': 13, 'ELEVATED': 2, 'RELAXED': 5}",100333.33333333964,6000,6020,24080.0,1000.0,50.0,92.1089999999999,56.412274485707314,30.82726568662163,67.50187500000001,42,0,baseline
EXP-MOD-20N-S42-PSM,"PSDT v1.0-sim (Temporal Closed-Loop Model, frozen for Sprint 11)",adaptive,Uniform-Moderate,42,20,Scenario B: Moderate,300.0,3607,77.50400000000006,3.875200000000003,85.29259999999937,0,6020,0,0.0,39.212735912751455,38.513968689566454,8.90927467005239,20.127484882948046,0.0,34,"{'RELAXED': 8, 'NOMINAL': 10, 'ELEVATED': 2}",82741.66666666776,6000,6020,19436.0,1421.1669435215947,36.62458471760797,91.75207400000065,62.75322532994762,28.289139087248543,67.50187500000001,34,0,proposed
EXP-MOD-20N-S43-PSM,"PSDT v1.0-sim (Temporal Closed-Loop Model, frozen for Sprint 11)",adaptive,Uniform-Moderate,43,20,Scenario B: Moderate,300.0,3838,82.79200000000006,4.139600000000003,89.72879999999917,0,6020,0,0.0,37.94573252981381,37.890074056923936,9.40400938344522,20.175169825680666,0.0,41,"{'NOMINAL': 10, 'ELEVATED': 2, 'RELAXED': 8}",86103.3333333342,6000,6020,20756.0,1378.5589700996677,39.0265780730897,92.86271200000053,61.38410654266106,29.556142470186195,67.50187500000001,41,0,proposed
EXP-MOD-20N-S44-PSM,"PSDT v1.0-sim (Temporal Closed-Loop Model, frozen for Sprint 11)",adaptive,Uniform-Moderate,44,20,Scenario B: Moderate,300.0,3511,78.68800000000003,3.9344000000000015,84.16019999999943,0,6020,0,0.0,39.64428090206902,41.61585395108378,4.555704520740406,18.247017511174718,0.0,53,"{'RELAXED': 7, 'NOMINAL': 12, 'ELEVATED': 1}",82950.00000000064,6000,6020,19726.0,1385.7558139534883,36.699335548172755,92.35339800000065,54.40298084006989,27.857594097930985,67.50187500000001,53,0,proposed
EXP-MOD-20N-S45-PSM,"PSDT v1.0-sim (Temporal Closed-Loop Model, frozen for Sprint 11)",adaptive,Uniform-Moderate,45,20,Scenario B: Moderate,300.0,3823,84.64800000000007,4.232400000000004,89.52219999999924,0,6020,0,0.0,36.54267953565684,38.219245107419255,6.781799586151017,19.05112704500353,0.0,54,"{'NOMINAL': 13, 'RELAXED': 5, 'ELEVATED': 2}",89195.00000000214,6000,6020,21232.0,1214.8214285714287,41.498338870431894,90.52977800000038,57.13763301863692,30.959195464343168,67.50187500000001,54,0,proposed
EXP-MOD-20N-S46-PSM,"PSDT v1.0-sim (Temporal Closed-Loop Model, frozen for Sprint 11)",adaptive,Uniform-Moderate,46,20,Scenario B: Moderate,300.0,3986,90.70400000000006,4.535200000000003,93.4455999999992,0,6020,0,0.0,35.660808763063734,35.42255125828744,6.069624295975842,14.864419935774608,0.0,24,"{'NOMINAL': 11, 'ELEVATED': 4, 'RELAXED': 5}",90901.66666666867,6000,6020,22738.0,1246.362126245847,42.420265780730894,92.0755440000004,57.35966048258424,31.84106623693627,67.50187500000001,24,0,proposed
EXP-MOD-20N-S47-PSM,"PSDT v1.0-sim (Temporal Closed-Loop Model, frozen for Sprint 11)",adaptive,Uniform-Moderate,47,20,Scenario B: Moderate,300.0,3716,83.56000000000003,4.178000000000002,88.14599999999935,12,6020,1,0.19933554817275745,36.906248727368904,37.979256988188,-2.0963159848876387,15.508308668682023,0.19933554817275745,27,"{'RELAXED': 7, 'NOMINAL': 11, 'ELEVATED': 2}",85966.66666666731,6000,6020,20946.0,1334.0946843853822,38.8421926910299,91.61854000000056,57.22131598488764,30.595626272631094,67.50187500000001,27,0,proposed
EXP-MOD-20N-S48-PSM,"PSDT v1.0-sim (Temporal Closed-Loop Model, frozen for Sprint 11)",adaptive,Uniform-Moderate,48,20,Scenario B: Moderate,300.0,3331,69.03200000000005,3.4516000000000027,79.51979999999948,0,6020,0,0.0,42.28809334474444,41.2883200445355,14.144520644310333,24.556318386471307,0.0,25,"{'RELAXED': 7, 'NOMINAL': 13}",77753.33333333474,6000,6020,17306.0,1519.0531561461794,33.12126245847176,93.71980200000078,49.53857695390967,25.21378165525557,67.50187500000001,25,0,proposed
EXP-MOD-20N-S49-PSM,"PSDT v1.0-sim (Temporal Closed-Loop Model, frozen for Sprint 11)",adaptive,Uniform-Moderate,49,20,Scenario B: Moderate,300.0,3591,77.89600000000006,3.8948000000000027,84.94939999999939,0,6020,0,0.0,38.1462100480401,37.88165951926623,12.75245146385015,21.315044134674203,0.0,30,"{'RELAXED': 8, 'NOMINAL': 9, 'ELEVATED': 3}",84020.00000000195,6000,6020,19536.0,1356.860465116279,37.68106312292359,91.05550600000056,58.681497247705366,29.355664951959902,67.50187500000001,30,0,proposed
EXP-MOD-20N-S50-PSM,"PSDT v1.0-sim (Temporal Closed-Loop Model, frozen for Sprint 11)",adaptive,Uniform-Moderate,50,20,Scenario B: Moderate,300.0,3893,85.59200000000006,4.279600000000003,90.87179999999921,0,6020,0,0.0,36.282569500079624,35.27772978594872,6.360768792789834,19.276125904529557,0.0,32,"{'NOMINAL': 11, 'RELAXED': 7, 'ELEVATED': 2}",89045.00000000389,6000,6020,21460.0,1288.392857142857,41.2890365448505,90.83128200000041,58.9728529118006,31.219305499920377,67.50187500000001,32,0,proposed
EXP-MOD-20N-S51-PSM,"PSDT v1.0-sim (Temporal Closed-Loop Model, frozen for Sprint 11)",adaptive,Uniform-Moderate,51,20,Scenario B: Moderate,300.0,3910,88.71200000000003,4.435600000000002,92.17479999999918,0,6020,0,0.0,37.29372890683764,36.061875412386144,8.571935623987017,13.568490691372368,0.0,42,"{'RELAXED': 7, 'ELEVATED': 2, 'NOMINAL': 11}",88248.33333333334,6000,6020,22236.0,1359.8463455149501,40.332225913621265,92.42325200000053,56.412274485707314,30.208146093162362,67.50187500000001,42,0,proposed
EXP-CHA-20N-S42-BASE,"PSDT v1.0-sim (Temporal Closed-Loop Model, frozen for Sprint 11)",uniform,Uniform-Moderate,42,20,Scenario C: Dynamic/Challenging,300.0,6000,96.00000000000007,4.800000000000003,123.59999999999792,0,6020,0,0.0,41.167728499164845,40.36336390468528,11.35869683001004,22.83627133038341,0.0,48,"{'RELAXED': 10, 'NOMINAL': 9, 'ELEVATED': 1}",100333.33333333964,6000,6020,24080.0,1000.0,50.0,91.36899999999989,65.10976089439171,28.243122165286984,69.41085066445184,48,0,baseline
EXP-CHA-20N-S43-BASE,"PSDT v1.0-sim (Temporal Closed-Loop Model, frozen for Sprint 11)",uniform,Uniform-Moderate,43,20,Scenario C: Dynamic/Challenging,300.0,6000,96.00000000000007,4.800000000000003,123.59999999999792,0,6020,0,0.0,40.08908455332742,39.469498033532986,8.950990459935298,24.04967752828597,0.0,44,"{'ELEVATED': 1, 'NOMINAL': 14, 'RELAXED': 5}",100333.33333333964,6000,6020,24080.0,1000.0,50.0,92.5239999999999,61.292519258789014,29.32176611112441,69.41085066445184,44,0,baseline
EXP-CHA-20N-S44-BASE,"PSDT v1.0-sim (Temporal Closed-Loop Model, frozen for Sprint 11)",uniform,Uniform-Moderate,44,20,Scenario C: Dynamic/Challenging,300.0,6000,96.00000000000007,4.800000000000003,123.59999999999792,0,6020,0,0.0,41.14792812164542,42.37474453060757,3.586803532321788,17.203729704344934,0.0,32,"{'RELAXED': 7, 'NOMINAL': 12, 'ELEVATED': 1}",100333.33333333964,6000,6020,24080.0,1000.0,50.0,91.9589999999999,56.48963685863486,28.26292254280641,69.41085066445184,32,0,baseline
EXP-CHA-20N-S45-BASE,"PSDT v1.0-sim (Temporal Closed-Loop Model, frozen for Sprint 11)",uniform,Uniform-Moderate,45,20,Scenario C: Dynamic/Challenging,300.0,6000,96.00000000000007,4.800000000000003,123.59999999999792,0,6020,0,0.0,37.17331360675124,37.829795617375154,1.9163946533244314,18.70857638971747,0.0,63,"{'RELAXED': 6, 'NOMINAL': 13, 'ELEVATED': 1}",100333.33333333964,6000,6020,24080.0,1000.0,50.0,90.1889999999999,60.45360534667558,32.23753705770059,69.41085066445184,63,0,baseline
EXP-CHA-20N-S46-BASE,"PSDT v1.0-sim (Temporal Closed-Loop Model, frozen for Sprint 11)",uniform,Uniform-Moderate,46,20,Scenario C: Dynamic/Challenging,300.0,6000,96.00000000000007,4.800000000000003,123.59999999999792,0,6020,0,0.0,37.82561035176457,37.358904674349326,8.425209955616715,18.98123342187857,0.0,37,"{'NOMINAL': 13, 'RELAXED': 7}",100333.33333333964,6000,6020,24080.0,1000.0,50.0,91.7739999999999,55.790119478215274,31.585240312687272,69.41085066445184,37,0,baseline
EXP-CHA-20N-S47-BASE,"PSDT v1.0-sim (Temporal Closed-Loop Model, frozen for Sprint 11)",uniform,Uniform-Moderate,47,20,Scenario C: Dynamic/Challenging,300.0,6000,96.00000000000007,4.800000000000003,123.59999999999792,0,6020,0,0.0,39.67363593190958,40.949774488208234,3.9527474982716626,19.154670997968992,0.0,52,"{'RELAXED': 7, 'NOMINAL': 12, 'ELEVATED': 1}",100333.33333333964,6000,6020,24080.0,1000.0,50.0,91.2639999999999,59.576440537601755,29.737214732542252,69.41085066445184,52,0,baseline
EXP-CHA-20N-S48-BASE,"PSDT v1.0-sim (Temporal Closed-Loop Model, frozen for Sprint 11)",uniform,Uniform-Moderate,48,20,Scenario C: Dynamic/Challenging,300.0,6000,96.00000000000007,4.800000000000003,123.59999999999792,0,6020,0,0.0,42.700198968424566,42.08819884954531,9.553173711356521,25.49498501556624,0.0,43,"{'RELAXED': 10, 'NOMINAL': 8, 'ELEVATED': 2}",100333.33333333964,6000,6020,24080.0,1000.0,50.0,93.2789999999999,52.16372584773634,26.71065169602727,69.41085066445184,43,0,baseline
EXP-CHA-20N-S49-BASE,"PSDT v1.0-sim (Temporal Closed-Loop Model, frozen for Sprint 11)",uniform,Uniform-Moderate,49,20,Scenario C: Dynamic/Challenging,300.0,6000,96.00000000000007,4.800000000000003,123.59999999999792,0,6020,0,0.0,39.79272021690238,39.51790775221721,10.864483281830239,24.353945082902708,0.0,48,"{'RELAXED': 8, 'NOMINAL': 11, 'ELEVATED': 1}",100333.33333333964,6000,6020,24080.0,1000.0,50.0,90.6689999999999,57.46737465049996,29.61813044754945,69.41085066445184,48,0,baseline
EXP-CHA-20N-S50-BASE,"PSDT v1.0-sim (Temporal Closed-Loop Model, frozen for Sprint 11)",uniform,Uniform-Moderate,50,20,Scenario C: Dynamic/Challenging,300.0,6000,96.00000000000007,4.800000000000003,123.59999999999792,0,6020,0,0.0,39.338445067086376,38.51990444708844,11.802429637603467,19.949498011937056,0.0,52,"{'ELEVATED': 1, 'NOMINAL': 10, 'RELAXED': 9}",100333.33333333964,6000,6020,24080.0,1000.0,50.0,90.50399999999989,59.09270210464982,30.072405597365456,69.41085066445184,52,0,baseline
EXP-CHA-20N-S51-BASE,"PSDT v1.0-sim (Temporal Closed-Loop Model, frozen for Sprint 11)",uniform,Uniform-Moderate,51,20,Scenario C: Dynamic/Challenging,300.0,6000,96.00000000000007,4.800000000000003,123.59999999999792,0,6020,0,0.0,39.181984093973924,38.14725733902756,8.796702559187452,18.28871559427167,0.0,62,"{'NOMINAL': 11, 'ELEVATED': 1, 'RELAXED': 8}",100333.33333333964,6000,6020,24080.0,1000.0,50.0,92.1089999999999,56.412274485707314,30.22886657047791,69.41085066445184,62,0,baseline
EXP-CHA-20N-S42-PSM,"PSDT v1.0-sim (Temporal Closed-Loop Model, frozen for Sprint 11)",adaptive,Uniform-Moderate,42,20,Scenario C: Dynamic/Challenging,300.0,3565,75.70400000000005,3.7852000000000023,84.23059999999938,0,6020,0,0.0,41.075603444693016,40.15313763305308,11.35869683001004,22.575340555459366,0.0,39,"{'RELAXED': 9, 'NOMINAL': 10, 'ELEVATED': 1}",82193.33333333471,6000,6020,18988.0,1415.1328903654485,36.3156146179402,91.76269400000064,64.55033752365588,28.335247219758816,69.41085066445184,39,0,proposed
EXP-CHA-20N-S43-PSM,"PSDT v1.0-sim (Temporal Closed-Loop Model, frozen for Sprint 11)",adaptive,Uniform-Moderate,43,20,Scenario C: Dynamic/Challenging,300.0,3706,76.55200000000005,3.8276000000000026,86.42479999999921,0,6020,0,0.0,39.902446211949915,38.61590328328472,8.950990459935298,23.2781284942946,0.0,52,"{'ELEVATED': 1, 'RELAXED': 11, 'NOMINAL': 8}",83173.3333333346,6000,6020,19198.0,1420.265780730897,37.07807308970099,92.89575200000058,61.33723318930492,29.508404452501917,69.41085066445184,52,0,proposed
EXP-CHA-20N-S44-PSM,"PSDT v1.0-sim (Temporal Closed-Loop Model, frozen for Sprint 11)",adaptive,Uniform-Moderate,44,20,Scenario C: Dynamic/Challenging,300.0,3528,80.672,4.0336,84.87679999999943,0,6020,0,0.0,40.13467154660167,41.415267892145145,3.4258618780868844,16.236135796679005,0.0,57,"{'NOMINAL': 13, 'RELAXED': 6, 'ELEVATED': 1}",83668.3333333338,6000,6020,20232.0,1375.2906976744187,37.1328903654485,92.34623200000064,55.92186282147806,29.27617911785016,69.41085066445184,57,0,proposed
EXP-CHA-20N-S45-PSM,"PSDT v1.0-sim (Temporal Closed-Loop Model, frozen for Sprint 11)",adaptive,Uniform-Moderate,45,20,Scenario C: Dynamic/Challenging,300.0,3884,86.80800000000006,4.340400000000003,90.8931999999992,0,6020,0,0.0,36.81651596032714,37.87507140559272,5.864517721685196,18.086754331560666,0.0,58,"{'RELAXED': 4, 'NOMINAL': 14, 'ELEVATED': 2}",90233.33333333499,6000,6020,21778.0,1195.9302325581396,42.191029900332225,90.51606800000036,56.59754540642383,32.59433470412469,69.41085066445184,58,0,proposed
EXP-CHA-20N-S46-PSM,"PSDT v1.0-sim (Temporal Closed-Loop Model, frozen for Sprint 11)",adaptive,Uniform-Moderate,46,20,Scenario C: Dynamic/Challenging,300.0,3902,87.57600000000006,4.378800000000004,91.47039999999919,0,6020,0,0.0,37.392200584723994,36.51566917977863,8.512826230578526,18.18370449396316,0.0,37,"{'NOMINAL': 13, 'RELAXED': 6, 'ELEVATED': 1}",89736.66666666947,6000,6020,21958.0,1278.920265780731,41.70265780730897,92.0952960000004,57.29302649098179,32.01865007972784,69.41085066445184,37,0,proposed
EXP-CHA-20N-S47-PSM,"PSDT v1.0-sim (Temporal Closed-Loop Model, frozen for Sprint 11)",adaptive,Uniform-Moderate,47,20,Scenario C: Dynamic/Challenging,300.0,3670,81.84000000000006,4.092000000000003,87.12599999999932,0,6020,0,0.0,38.72900319193698,39.05016341529277,5.716196901458808,17.99420187351433,0.0,53,"{'NOMINAL': 11, 'RELAXED': 8, 'ELEVATED': 1}",84953.33333333433,6000,6020,20516.0,1363.3637873754153,38.12956810631229,91.62874000000059,59.576440537601755,30.681847472514846,69.41085066445184,53,0,proposed
EXP-CHA-20N-S48-PSM,"PSDT v1.0-sim (Temporal Closed-Loop Model, frozen for Sprint 11)",adaptive,Uniform-Moderate,48,20,Scenario C: Dynamic/Challenging,300.0,3274,67.40000000000005,3.3700000000000023,78.4199999999995,0,6020,0,0.0,43.927839582203774,43.85272201454588,16.005597300518637,27.848541053388836,0.0,33,"{'RELAXED': 10, 'NOMINAL': 10}",76400.00000000135,6000,6020,16900.0,1554.7840531561462,32.10963455149502,93.73080000000083,51.77041794697078,25.48301108224806,69.41085066445184,33,0,proposed
EXP-CHA-20N-S49-PSM,"PSDT v1.0-sim (Temporal Closed-Loop Model, frozen for Sprint 11)",adaptive,Uniform-Moderate,49,20,Scenario C: Dynamic/Challenging,300.0,3615,77.54400000000005,3.877200000000003,85.12059999999937,0,6020,0,0.0,39.752843298021034,39.15861305397628,13.01343081334938,24.223598442887134,0.0,50,"{'RELAXED': 10, 'NOMINAL': 9, 'ELEVATED': 1}",84520.0000000019,6000,6020,19448.0,1328.4883720930231,38.13953488372093,91.05379400000052,58.72352294674654,29.658007366430798,69.41085066445184,50,0,proposed
EXP-CHA-20N-S50-PSM,"PSDT v1.0-sim (Temporal Closed-Loop Model, frozen for Sprint 11)",adaptive,Uniform-Moderate,50,20,Scenario C: Dynamic/Challenging,300.0,3875,84.23200000000006,4.2116000000000025,90.3577999999992,0,6020,0,0.0,38.125427567593576,37.507490343227474,12.232144334660838,20.046684113109176,0.0,32,"{'ELEVATED': 1, 'NOMINAL': 10, 'RELAXED': 9}",88151.66666666973,6000,6020,21122.0,1316.3870431893688,40.64617940199336,90.83642200000044,60.13812366158344,31.285423096858263,69.41085066445184,32,0,proposed
EXP-CHA-20N-S51-PSM,"PSDT v1.0-sim (Temporal Closed-Loop Model, frozen for Sprint 11)",adaptive,Uniform-Moderate,51,20,Scenario C: Dynamic/Challenging,300.0,3754,80.53600000000004,4.026800000000002,88.18039999999922,0,6020,0,0.0,40.11435181935049,38.93665450612201,8.796702559187452,17.668987607784928,0.0,57,"{'NOMINAL': 10, 'ELEVATED': 1, 'RELAXED': 9}",83931.66666666714,6000,6020,20192.0,1442.8529900332226,37.372093023255815,92.46319600000064,56.412274485707314,29.29649884510134,69.41085066445184,57,0,proposed
EXP-STA-30N-S42-BASE,"PSDT v1.0-sim (Temporal Closed-Loop Model, frozen for Sprint 11)",uniform,Uniform-Moderate,42,30,Scenario A: Stable,300.0,9000,144.0000000000001,4.800000000000003,185.39999999999688,0,9030,0,0.0,35.38931100616035,36.25397126964186,2.700035961525664,13.791182334309255,0.0,55,"{'RELAXED': 10, 'NOMINAL': 15, 'ELEVATED': 5}",150500.00000000396,9000,9030,36120.0,1000.0,50.0,90.08066666666656,62.049121627157646,27.183688993839652,62.57300000000001,55,0,baseline
EXP-STA-30N-S43-BASE,"PSDT v1.0-sim (Temporal Closed-Loop Model, frozen for Sprint 11)",uniform,Uniform-Moderate,43,30,Scenario A: Stable,300.0,9000,144.0000000000001,4.800000000000003,185.39999999999688,0,9030,0,0.0,36.40251433087345,36.12218772510529,5.726098704854671,16.848283957883613,0.0,44,"{'NOMINAL': 14, 'ELEVATED': 3, 'RELAXED': 13}",150500.00000000396,9000,9030,36120.0,1000.0,50.0,91.9539999999999,61.1384807703176,26.170485669126556,62.57300000000001,44,0,baseline
EXP-STA-30N-S44-BASE,"PSDT v1.0-sim (Temporal Closed-Loop Model, frozen for Sprint 11)",uniform,Uniform-Moderate,44,30,Scenario A: Stable,300.0,9000,144.0000000000001,4.800000000000003,185.39999999999688,0,9030,0,0.0,34.44271219597692,36.27135114243461,1.7624450845275206,16.717306110507785,0.0,51,"{'RELAXED': 7, 'NOMINAL': 18, 'ELEVATED': 5}",150500.00000000396,9000,9030,36120.0,1000.0,50.0,91.41733333333323,55.66605158006557,28.130287804023084,62.57300000000001,51,0,baseline
EXP-STA-30N-S45-BASE,"PSDT v1.0-sim (Temporal Closed-Loop Model, frozen for Sprint 11)",uniform,Uniform-Moderate,45,30,Scenario A: Stable,300.0,9000,144.0000000000001,4.800000000000003,185.39999999999688,0,9030,0,0.0,32.48866272372028,33.376989738664435,4.378830727770875,15.550097500942606,0.0,67,"{'NOMINAL': 16, 'RELAXED': 9, 'ELEVATED': 5}",150500.00000000396,9000,9030,36120.0,1000.0,50.0,90.62066666666655,57.0421751253262,30.084337276279722,62.57300000000001,67,0,baseline
EXP-STA-30N-S46-BASE,"PSDT v1.0-sim (Temporal Closed-Loop Model, frozen for Sprint 11)",uniform,Uniform-Moderate,46,30,Scenario A: Stable,300.0,9000,144.0000000000001,4.800000000000003,185.39999999999688,0,9030,0,0.0,32.23699621140374,32.81567948794484,5.720264027173066,13.171455642975797,0.0,51,"{'NOMINAL': 16, 'ELEVATED': 6, 'RELAXED': 8}",150500.00000000396,9000,9030,36120.0,1000.0,50.0,91.88399999999989,57.4182942430161,30.336003788596262,62.57300000000001,51,0,baseline
EXP-STA-30N-S47-BASE,"PSDT v1.0-sim (Temporal Closed-Loop Model, frozen for Sprint 11)",uniform,Uniform-Moderate,47,30,Scenario A: Stable,300.0,9000,144.0000000000001,4.800000000000003,185.39999999999688,0,9030,0,0.0,34.62188697590433,34.42298724963037,9.189309860533392,18.440450424713134,0.0,49,"{'RELAXED': 11, 'NOMINAL': 16, 'ELEVATED': 3}",150500.00000000396,9000,9030,36120.0,1000.0,50.0,91.40066666666657,57.2186537376942,27.951113024095672,62.57300000000001,49,0,baseline
EXP-STA-30N-S48-BASE,"PSDT v1.0-sim (Temporal Closed-Loop Model, frozen for Sprint 11)",uniform,Uniform-Moderate,48,30,Scenario A: Stable,300.0,9000,144.0000000000001,4.800000000000003,185.39999999999688,0,9030,0,0.0,37.39960949857274,37.87485181461394,8.000764468661963,19.918235596373275,0.0,45,"{'RELAXED': 10, 'NOMINAL': 19, 'ELEVATED': 1}",150500.00000000396,9000,9030,36120.0,1000.0,50.0,92.33066666666656,45.795330651754206,25.173390501427267,62.57300000000001,45,0,baseline
EXP-STA-30N-S49-BASE,"PSDT v1.0-sim (Temporal Closed-Loop Model, frozen for Sprint 11)",uniform,Uniform-Moderate,49,30,Scenario A: Stable,300.0,9000,144.0000000000001,4.800000000000003,185.39999999999688,154,9030,1,1.7054263565891472,33.913102446677854,35.41591009612361,-8.823887101521883,7.941453317671298,1.7054263565891472,50,"{'RELAXED': 13, 'NOMINAL': 13, 'ELEVATED': 4}",150500.00000000396,9000,9030,36120.0,1000.0,50.0,91.2339999999999,60.27388710152188,28.65989755332215,62.57300000000001,50,0,baseline
EXP-STA-30N-S50-BASE,"PSDT v1.0-sim (Temporal Closed-Loop Model, frozen for Sprint 11)",uniform,Uniform-Moderate,50,30,Scenario A: Stable,300.0,9000,144.0000000000001,4.800000000000003,185.39999999999688,0,9030,0,0.0,33.720052712085966,33.84411292368017,4.756170427488932,14.58173025045962,0.0,52,"{'NOMINAL': 16, 'RELAXED': 10, 'ELEVATED': 4}",150500.00000000396,9000,9030,36120.0,1000.0,50.0,90.09733333333322,57.13672379675596,28.852947287914034,62.57300000000001,52,0,baseline
EXP-STA-30N-S51-BASE,"PSDT v1.0-sim (Temporal Closed-Loop Model, frozen for Sprint 11)",uniform,Uniform-Moderate,51,30,Scenario A: Stable,300.0,9000,144.0000000000001,4.800000000000003,185.39999999999688,0,9030,0,0.0,34.620748208131126,33.22581294390083,4.94670255918745,15.688118908144775,0.0,46,"{'NOMINAL': 16, 'ELEVATED': 5, 'RELAXED': 9}",150500.00000000396,9000,9030,36120.0,1000.0,50.0,91.61399999999989,51.724082359318345,27.95225179186888,62.57300000000001,46,0,baseline
EXP-STA-30N-S42-PSM,"PSDT v1.0-sim (Temporal Closed-Loop Model, frozen for Sprint 11)",adaptive,Uniform-Moderate,42,30,Scenario A: Stable,300.0,5499,138.912,4.6304,134.47659999999908,48,9030,1,0.53156146179402,34.95437928709705,36.08770888494806,-2.995848508223048,13.788374097404482,0.53156146179402,56,"{'RELAXED': 10, 'NOMINAL': 15, 'ELEVATED': 4, 'IMMEDIATE': 1}",132500.0000000084,9000,9030,34828.0,1339.9822812846069,39.95127353266888,90.42015600000056,62.251850188541795,27.61862071290295,62.57300000000001,56,0,proposed
EXP-STA-30N-S43-PSM,"PSDT v1.0-sim (Temporal Closed-Loop Model, frozen for Sprint 11)",adaptive,Uniform-Moderate,43,30,Scenario A: Stable,300.0,5661,121.82400000000008,4.060800000000003,132.75059999999874,0,9030,0,0.0,35.950631606362144,35.12878196535472,5.726098704854671,16.529557876094035,0.0,48,"{'NOMINAL': 12, 'RELAXED': 15, 'ELEVATED': 3}",127495.00000000658,9000,9030,30552.0,1439.720376522702,38.21926910299003,92.30499600000057,61.1384807703176,26.62236839363786,62.57300000000001,48,0,proposed
EXP-STA-30N-S44-PSM,"PSDT v1.0-sim (Temporal Closed-Loop Model, frozen for Sprint 11)",adaptive,Uniform-Moderate,44,30,Scenario A: Stable,300.0,5493,129.8880000000001,4.329600000000003,131.7201999999991,1,9030,1,0.01107419712070875,34.2023920937743,35.958889701764164,-0.11588587184163401,17.1045886070971,0.01107419712070875,54,"{'RELAXED': 6, 'NOMINAL': 19, 'ELEVATED': 5}",132575.00000001251,9000,9030,32566.0,1266.7386489479513,40.63455149501661,91.77519866666714,55.66673401171059,28.370607906225697,62.57300000000001,54,0,proposed
EXP-STA-30N-S45-PSM,"PSDT v1.0-sim (Temporal Closed-Loop Model, frozen for Sprint 11)",adaptive,Uniform-Moderate,45,30,Scenario A: Stable,300.0,5869,138.07200000000006,4.602400000000002,138.73779999999877,0,9030,0,0.0,32.48035225858866,33.301616792608854,2.4832381085953656,16.956898538438757,0.0,60,"{'NOMINAL': 15, 'RELAXED': 11, 'ELEVATED': 4}",138546.6666666754,9000,9030,34620.0,1206.5171650055372,43.548172757475086,90.93174800000034,56.9955766532711,30.09264774141134,62.57300000000001,60,0,proposed
EXP-STA-30N-S46-PSM,"PSDT v1.0-sim (Temporal Closed-Loop Model, frozen for Sprint 11)",adaptive,Uniform-Moderate,46,30,Scenario A: Stable,300.0,5796,139.8400000000001,4.661333333333336,138.2019999999989,0,9030,0,0.0,32.68874452556432,33.60218027574358,6.349007258961741,13.605889723055892,0.0,53,"{'NOMINAL': 14, 'ELEVATED': 6, 'RELAXED': 10}",138291.66666667612,9000,9030,35058.0,1251.998892580288,43.29900332225914,92.1986533333337,57.299800772448165,29.884255474435683,62.57300000000001,53,0,proposed
EXP-STA-30N-S47-PSM,"PSDT v1.0-sim (Temporal Closed-Loop Model, frozen for Sprint 11)",adaptive,Uniform-Moderate,47,30,Scenario A: Stable,300.0,5377,124.91200000000009,4.163733333333337,129.02379999999908,0,9030,0,0.0,33.99312979944101,33.46042982347021,9.189309860533392,17.780703779313956,0.0,53,"{'RELAXED': 9, 'NOMINAL': 18, 'ELEVATED': 3}",129640.00000001304,9000,9030,31318.0,1335.7059800664451,39.25913621262458,91.77650800000053,57.266285026826985,28.579870200558993,62.57300000000001,53,0,proposed
EXP-STA-30N-S48-PSM,"PSDT v1.0-sim (Temporal Closed-Loop Model, frozen for Sprint 11)",adaptive,Uniform-Moderate,48,30,Scenario A: Stable,300.0,5033,109.76800000000009,3.6589333333333363,120.99019999999916,0,9030,0,0.0,37.577695786315445,37.717694061326796,7.723131925622781,19.730129308074588,0.0,38,"{'RELAXED': 11, 'NOMINAL': 18, 'ELEVATED': 1}",120511.66666667564,9000,9030,27526.0,1464.296788482835,34.96013289036545,92.76006533333404,48.68802093037954,24.995304213684555,62.57300000000001,38,0,proposed
EXP-STA-30N-S49-PSM,"PSDT v1.0-sim (Temporal Closed-Loop Model, frozen for Sprint 11)",adaptive,Uniform-Moderate,49,30,Scenario A: Stable,300.0,5664,151.94399999999987,5.0647999999999955,140.39519999999888,125,9030,1,1.3842746400885935,33.8005985063261,35.35397650646783,-8.893179731194415,7.951934809448935,1.3842746400885935,44,"{'RELAXED': 13, 'NOMINAL': 13, 'ELEVATED': 4}",134761.6666666707,9000,9030,38080.0,1347.672203765227,40.287929125138426,91.53403200000055,60.34317973119441,28.772401493673904,62.57300000000001,44,0,proposed
EXP-STA-30N-S50-PSM,"PSDT v1.0-sim (Temporal Closed-Loop Model, frozen for Sprint 11)",adaptive,Uniform-Moderate,50,30,Scenario A: Stable,300.0,5702,127.94400000000009,4.264800000000003,134.26359999999883,0,9030,0,0.0,33.68885243709457,33.628358687294174,6.434590520027754,16.446571377064682,0.0,51,"{'NOMINAL': 17, 'RELAXED': 10, 'ELEVATED': 3}",132698.3333333439,9000,9030,32078.0,1313.7430786267996,40.820598006644516,90.43824266666711,57.13672379675596,28.884147562905433,62.57300000000001,51,0,proposed
EXP-STA-30N-S51-PSM,"PSDT v1.0-sim (Temporal Closed-Loop Model, frozen for Sprint 11)",adaptive,Uniform-Moderate,51,30,Scenario A: Stable,300.0,5427,124.86400000000002,4.162133333333334,130.026599999999,0,9030,0,0.0,35.43074186008182,35.20629677514722,4.94670255918745,15.79444206269913,0.0,46,"{'NOMINAL': 16, 'ELEVATED': 4, 'RELAXED': 10}",128090.00000000818,9000,9030,31308.0,1427.3172757475083,38.37873754152824,91.9831560000006,51.94699465479732,27.142258139918187,62.57300000000001,46,0,proposed
EXP-MOD-30N-S42-BASE,"PSDT v1.0-sim (Temporal Closed-Loop Model, frozen for Sprint 11)",uniform,Uniform-Moderate,42,30,Scenario B: Moderate,300.0,9000,144.0000000000001,4.800000000000003,185.39999999999688,0,9030,0,0.0,38.19985713307357,38.91875812899163,3.261960472520066,16.353146975951663,0.0,73,"{'RELAXED': 10, 'NOMINAL': 16, 'ELEVATED': 4}",150500.00000000396,9000,9030,36120.0,1000.0,50.0,90.08066666666656,63.637069649842154,28.84264286692643,67.0425,73,0,baseline
EXP-MOD-30N-S43-BASE,"PSDT v1.0-sim (Temporal Closed-Loop Model, frozen for Sprint 11)",uniform,Uniform-Moderate,43,30,Scenario B: Moderate,300.0,9000,144.0000000000001,4.800000000000003,185.39999999999688,0,9030,0,0.0,39.42572759090564,38.70185725795655,8.499134536012008,19.928372809495603,0.0,58,"{'NOMINAL': 15, 'ELEVATED': 2, 'RELAXED': 13}",150500.00000000396,9000,9030,36120.0,1000.0,50.0,91.9539999999999,61.1384807703176,27.61677240909437,67.0425,58,0,baseline
EXP-MOD-30N-S44-BASE,"PSDT v1.0-sim (Temporal Closed-Loop Model, frozen for Sprint 11)",uniform,Uniform-Moderate,44,30,Scenario B: Moderate,300.0,9000,144.0000000000001,4.800000000000003,185.39999999999688,0,9030,0,0.0,37.431944544121116,39.64151145864632,1.5789448254671612,19.538529160576953,0.0,55,"{'RELAXED': 9, 'NOMINAL': 18, 'ELEVATED': 3}",150500.00000000396,9000,9030,36120.0,1000.0,50.0,91.41733333333323,55.66605158006557,29.610555455878885,67.0425,55,0,baseline
EXP-MOD-30N-S45-BASE,"PSDT v1.0-sim (Temporal Closed-Loop Model, frozen for Sprint 11)",uniform,Uniform-Moderate,45,30,Scenario B: Moderate,300.0,9000,144.0000000000001,4.800000000000003,185.39999999999688,0,9030,0,0.0,36.637392111675126,38.01751167567275,5.697773365392415,17.379691810144635,0.0,72,"{'NOMINAL': 14, 'RELAXED': 12, 'ELEVATED': 4}",150500.00000000396,9000,9030,36120.0,1000.0,50.0,90.62066666666655,57.0421751253262,30.405107888324874,67.0425,72,0,baseline
EXP-MOD-30N-S46-BASE,"PSDT v1.0-sim (Temporal Closed-Loop Model, frozen for Sprint 11)",uniform,Uniform-Moderate,46,30,Scenario B: Moderate,300.0,9000,144.0000000000001,4.800000000000003,185.39999999999688,0,9030,0,0.0,35.50810324620498,35.363129218064984,5.348068371993321,16.88789959669076,0.0,47,"{'NOMINAL': 19, 'RELAXED': 9, 'ELEVATED': 2}",150500.00000000396,9000,9030,36120.0,1000.0,50.0,91.88399999999989,57.23757186237377,31.534396753795022,67.0425,47,0,baseline
EXP-MOD-30N-S47-BASE,"PSDT v1.0-sim (Temporal Closed-Loop Model, frozen for Sprint 11)",uniform,Uniform-Moderate,47,30,Scenario B: Moderate,300.0,9000,144.0000000000001,4.800000000000003,185.39999999999688,0,9030,0,0.0,37.82256620591821,37.98210694388744,10.038081300997156,21.2081928660461,0.0,48,"{'RELAXED': 11, 'NOMINAL': 16, 'ELEVATED': 3}",150500.00000000396,9000,9030,36120.0,1000.0,50.0,91.40066666666657,57.2186537376942,29.219933794081793,67.0425,48,0,baseline
EXP-MOD-30N-S48-BASE,"PSDT v1.0-sim (Temporal Closed-Loop Model, frozen for Sprint 11)",uniform,Uniform-Moderate,48,30,Scenario B: Moderate,300.0,9000,144.0000000000001,4.800000000000003,185.39999999999688,0,9030,0,0.0,39.853056434468826,40.40756308408616,9.752883058133378,21.804328438515284,0.0,56,"{'RELAXED': 11, 'NOMINAL': 18, 'ELEVATED': 1}",150500.00000000396,9000,9030,36120.0,1000.0,50.0,92.33066666666656,51.17202210291331,27.18944356553118,67.0425,56,0,baseline
EXP-MOD-30N-S49-BASE,"PSDT v1.0-sim (Temporal Closed-Loop Model, frozen for Sprint 11)",uniform,Uniform-Moderate,49,30,Scenario B: Moderate,300.0,9000,144.0000000000001,4.800000000000003,185.39999999999688,144,9030,2,1.5946843853820596,37.20807811060754,38.569766455390564,-9.091913279351417,9.682033862818598,1.5946843853820596,66,"{'RELAXED': 12, 'NOMINAL': 15, 'ELEVATED': 3}",150500.00000000396,9000,9030,36120.0,1000.0,50.0,91.2339999999999,64.21691327935142,29.834421889392466,67.0425,66,0,baseline
EXP-MOD-30N-S50-BASE,"PSDT v1.0-sim (Temporal Closed-Loop Model, frozen for Sprint 11)",uniform,Uniform-Moderate,50,30,Scenario B: Moderate,300.0,9000,144.0000000000001,4.800000000000003,185.39999999999688,0,9030,0,0.0,37.225644027103,37.17663580146356,7.416461086066505,16.29686232145038,0.0,57,"{'NOMINAL': 14, 'RELAXED': 14, 'ELEVATED': 2}",150500.00000000396,9000,9030,36120.0,1000.0,50.0,90.09733333333322,58.13764263419594,29.816855972897002,67.0425,57,0,baseline
EXP-MOD-30N-S51-BASE,"PSDT v1.0-sim (Temporal Closed-Loop Model, frozen for Sprint 11)",uniform,Uniform-Moderate,51,30,Scenario B: Moderate,300.0,9000,144.0000000000001,4.800000000000003,185.39999999999688,0,9030,0,0.0,37.512004479301396,35.38884210738492,7.51982986934334,17.515470451466033,0.0,56,"{'NOMINAL': 19, 'ELEVATED': 2, 'RELAXED': 9}",150500.00000000396,9000,9030,36120.0,1000.0,50.0,91.61399999999989,51.724082359318345,29.530495520698604,67.0425,56,0,baseline
EXP-MOD-30N-S42-PSM,"PSDT v1.0-sim (Temporal Closed-Loop Model, frozen for Sprint 11)",adaptive,Uniform-Moderate,42,30,Scenario B: Moderate,300.0,5377,127.57600000000004,4.252533333333335,129.9313999999991,0,9030,0,0.0,38.1061006856018,38.911105601187415,0.09780220704271159,16.594241913114317,0.0,64,"{'RELAXED': 11, 'NOMINAL': 15, 'ELEVATED': 4}",128911.666666676,9000,9030,31992.0,1382.8626799557032,38.6843853820598,90.45045733333394,64.07488780719852,28.936399314398198,67.0425,64,0,proposed
EXP-MOD-30N-S43-PSM,"PSDT v1.0-sim (Temporal Closed-Loop Model, frozen for Sprint 11)",adaptive,Uniform-Moderate,43,30,Scenario B: Moderate,300.0,5575,119.19200000000008,3.973066666666669,130.8617999999988,0,9030,0,0.0,39.02240528840059,37.719808105859016,9.40400938344522,20.778952894221753,0.0,50,"{'NOMINAL': 17, 'RELAXED': 13}",126485.00000000704,9000,9030,29892.0,1441.3676633444074,37.800664451827245,92.31758800000058,61.1384807703176,28.020094711599416,67.0425,50,0,proposed
EXP-MOD-30N-S44-PSM,"PSDT v1.0-sim (Temporal Closed-Loop Model, frozen for Sprint 11)",adaptive,Uniform-Moderate,44,30,Scenario B: Moderate,300.0,5297,121.74400000000009,4.058133333333336,127.08859999999919,0,9030,0,0.0,37.483657706464115,38.98722507443491,0.8574586142442513,19.651185456389936,0.0,67,"{'RELAXED': 8, 'NOMINAL': 20, 'ELEVATED': 2}",128516.66666667898,9000,9030,30526.0,1318.0287929125138,38.80730897009967,91.80607600000053,55.709656322772176,29.558842293535896,67.0425,67,0,proposed
EXP-MOD-30N-S45-PSM,"PSDT v1.0-sim (Temporal Closed-Loop Model, frozen for Sprint 11)",adaptive,Uniform-Moderate,45,30,Scenario B: Moderate,300.0,5587,124.8320000000001,4.161066666666669,131.77179999999893,0,9030,0,0.0,36.53103667305629,37.31213359311769,4.337635289700302,20.76739661991336,0.0,63,"{'NOMINAL': 17, 'RELAXED': 10, 'ELEVATED': 3}",131881.6666666774,9000,9030,31308.0,1274.3521594684385,40.538205980066444,90.97818800000043,55.71253849401701,30.511463326943712,67.0425,63,0,proposed
EXP-MOD-30N-S46-PSM,"PSDT v1.0-sim (Temporal Closed-Loop Model, frozen for Sprint 11)",adaptive,Uniform-Moderate,46,30,Scenario B: Moderate,300.0,5757,134.3520000000001,4.478400000000003,136.31979999999888,0,9030,0,0.0,35.30292492594937,34.883943294010635,3.659282474002268,16.745582429460185,0.0,48,"{'NOMINAL': 18, 'ELEVATED': 3, 'RELAXED': 9}",136476.6666666768,9000,9030,33684.0,1248.2225913621262,42.59136212624585,92.2112013333337,57.41867999754194,31.739575074050634,67.0425,48,0,proposed
EXP-MOD-30N-S47-PSM,"PSDT v1.0-sim (Temporal Closed-Loop Model, frozen for Sprint 11)",adaptive,Uniform-Moderate,47,30,Scenario B: Moderate,300.0,5338,118.29600000000009,3.943200000000003,126.81639999999908,0,9030,0,0.0,36.6024694694584,36.055656818208604,11.062775630482513,20.44365569701201,0.0,46,"{'RELAXED': 10, 'NOMINAL': 18, 'ELEVATED': 2}",127795.00000001276,9000,9030,29662.0,1337.5359911406424,38.60132890365448,91.79122400000051,57.30264251377393,30.440030530541605,67.0425,46,0,proposed
EXP-MOD-30N-S48-PSM,"PSDT v1.0-sim (Temporal Closed-Loop Model, frozen for Sprint 11)",adaptive,Uniform-Moderate,48,30,Scenario B: Moderate,300.0,5003,111.57600000000005,3.7192000000000016,121.11339999999927,0,9030,0,0.0,40.76763019913346,41.49553769192062,4.773911398317452,20.808107064652532,0.0,56,"{'RELAXED': 11, 'NOMINAL': 18, 'ELEVATED': 1}",120243.33333334084,9000,9030,27974.0,1475.4983388704318,34.70099667774086,92.75924400000073,51.446445855542095,26.274869800866544,67.0425,56,0,proposed
EXP-MOD-30N-S49-PSM,"PSDT v1.0-sim (Temporal Closed-Loop Model, frozen for Sprint 11)",adaptive,Uniform-Moderate,49,30,Scenario B: Moderate,300.0,5633,132.67199999999994,4.422399999999998,135.0069999999989,18,9030,2,0.19933554817275745,37.69459734959984,38.84550927336865,-3.8250243523132355,13.366225713686887,0.19933554817275745,55,"{'RELAXED': 12, 'NOMINAL': 14, 'ELEVATED': 4}",130420.0000000057,9000,9030,33258.0,1364.9789590254707,39.19490586932447,91.56995333333391,59.08232012254582,29.34790265040016,67.0425,55,0,proposed
EXP-MOD-30N-S50-PSM,"PSDT v1.0-sim (Temporal Closed-Loop Model, frozen for Sprint 11)",adaptive,Uniform-Moderate,50,30,Scenario B: Moderate,300.0,5639,126.43200000000009,4.214400000000003,132.9497999999989,0,9030,0,0.0,36.69752112455393,36.50264430652473,8.364867677055457,18.135167844278616,0.0,57,"{'NOMINAL': 16, 'RELAXED': 11, 'ELEVATED': 3}",132260.00000001086,9000,9030,31698.0,1312.765780730897,40.66112956810631,90.44700133333376,58.13764263419594,30.344978875446074,67.0425,57,0,proposed
EXP-MOD-30N-S51-PSM,"PSDT v1.0-sim (Temporal Closed-Loop Model, frozen for Sprint 11)",adaptive,Uniform-Moderate,51,30,Scenario B: Moderate,300.0,5480,123.45600000000006,4.115200000000002,130.43439999999896,0,9030,0,0.0,38.477519510389754,37.69767880641868,6.910313338082005,16.63119805534307,0.0,47,"{'RELAXED': 10, 'ELEVATED': 2, 'NOMINAL': 18}",127936.66666667447,9000,9030,30954.0,1421.6943521594685,38.37541528239203,91.98043733333391,51.82382362756566,28.564980489610253,67.0425,47,0,proposed
EXP-CHA-30N-S42-BASE,"PSDT v1.0-sim (Temporal Closed-Loop Model, frozen for Sprint 11)",uniform,Uniform-Moderate,42,30,Scenario C: Dynamic/Challenging,300.0,9000,144.0000000000001,4.800000000000003,185.39999999999688,0,9030,0,0.0,40.382675491094474,40.901006499292066,3.755813921818671,19.159703515654638,0.0,91,"{'RELAXED': 10, 'NOMINAL': 17, 'ELEVATED': 3}",150500.00000000396,9000,9030,36120.0,1000.0,50.0,90.08066666666656,65.10976089439171,28.555808894287587,68.93848438538207,91,0,baseline
EXP-CHA-30N-S43-BASE,"PSDT v1.0-sim (Temporal Closed-Loop Model, frozen for Sprint 11)",uniform,Uniform-Moderate,43,30,Scenario C: Dynamic/Challenging,300.0,9000,144.0000000000001,4.800000000000003,185.39999999999688,0,9030,0,0.0,41.08056365979475,40.262038607070906,8.950990459935298,22.294765527653844,0.0,67,"{'ELEVATED': 2, 'NOMINAL': 17, 'RELAXED': 11}",150500.00000000396,9000,9030,36120.0,1000.0,50.0,91.9539999999999,61.292519258789014,27.857920725587316,68.93848438538207,67,0,baseline
EXP-CHA-30N-S44-BASE,"PSDT v1.0-sim (Temporal Closed-Loop Model, frozen for Sprint 11)",uniform,Uniform-Moderate,44,30,Scenario C: Dynamic/Challenging,300.0,9000,144.0000000000001,4.800000000000003,185.39999999999688,0,9030,0,0.0,39.29436397666344,40.80435080523637,5.848666745492238,20.739657610505287,0.0,64,"{'RELAXED': 8, 'NOMINAL': 21, 'ELEVATED': 1}",150500.00000000396,9000,9030,36120.0,1000.0,50.0,91.41733333333323,56.52133325450777,29.644120408718624,68.93848438538207,64,0,baseline
EXP-CHA-30N-S45-BASE,"PSDT v1.0-sim (Temporal Closed-Loop Model, frozen for Sprint 11)",uniform,Uniform-Moderate,45,30,Scenario C: Dynamic/Challenging,300.0,9000,144.0000000000001,4.800000000000003,185.39999999999688,0,9030,0,0.0,37.60522587057662,37.5858779592133,5.42883072777088,20.284072015748013,0.0,81,"{'RELAXED': 10, 'NOMINAL': 20}",150500.00000000396,9000,9030,36120.0,1000.0,50.0,90.62066666666655,60.45360534667558,31.333258514805443,68.93848438538207,81,0,baseline
EXP-CHA-30N-S46-BASE,"PSDT v1.0-sim (Temporal Closed-Loop Model, frozen for Sprint 11)",uniform,Uniform-Moderate,46,30,Scenario C: Dynamic/Challenging,300.0,9000,144.0000000000001,4.800000000000003,185.39999999999688,0,9030,0,0.0,38.0266150518112,38.28820946475905,7.46105341894399,19.096188044259716,0.0,68,"{'NOMINAL': 18, 'RELAXED': 11, 'ELEVATED': 1}",150500.00000000396,9000,9030,36120.0,1000.0,50.0,91.88399999999989,57.23757186237377,30.911869333570866,68.93848438538207,68,0,baseline
EXP-CHA-30N-S47-BASE,"PSDT v1.0-sim (Temporal Closed-Loop Model, frozen for Sprint 11)",uniform,Uniform-Moderate,47,30,Scenario C: Dynamic/Challenging,300.0,9000,144.0000000000001,4.800000000000003,185.39999999999688,0,9030,0,0.0,39.840549891078915,39.664157843382625,12.929460382183478,22.30325638741723,0.0,64,"{'RELAXED': 11, 'NOMINAL': 17, 'ELEVATED': 2}",150500.00000000396,9000,9030,36120.0,1000.0,50.0,91.40066666666657,59.576440537601755,29.097934494303146,68.93848438538207,64,0,baseline
EXP-CHA-30N-S48-BASE,"PSDT v1.0-sim (Temporal Closed-Loop Model, frozen for Sprint 11)",uniform,Uniform-Moderate,48,30,Scenario C: Dynamic/Challenging,300.0,9000,144.0000000000001,4.800000000000003,185.39999999999688,0,9030,0,0.0,41.44619265641911,41.63443167655204,9.050764468661967,22.772095509509967,0.0,75,"{'RELAXED': 11, 'NOMINAL': 17, 'ELEVATED': 2}",150500.00000000396,9000,9030,36120.0,1000.0,50.0,92.33066666666656,53.71513128290299,27.492291728962957,68.93848438538207,75,0,baseline
EXP-CHA-30N-S49-BASE,"PSDT v1.0-sim (Temporal Closed-Loop Model, frozen for Sprint 11)",uniform,Uniform-Moderate,49,30,Scenario C: Dynamic/Challenging,300.0,9000,144.0000000000001,4.800000000000003,185.39999999999688,130,9030,2,1.4396456256921373,38.66308542213085,39.832833253116654,-5.148887101521879,13.028857597568052,1.4396456256921373,79,"{'RELAXED': 9, 'NOMINAL': 18, 'ELEVATED': 3}",150500.00000000396,9000,9030,36120.0,1000.0,50.0,91.2339999999999,64.21691327935142,30.275398963251224,68.93848438538207,79,0,baseline
EXP-CHA-30N-S50-BASE,"PSDT v1.0-sim (Temporal Closed-Loop Model, frozen for Sprint 11)",uniform,Uniform-Moderate,50,30,Scenario C: Dynamic/Challenging,300.0,9000,144.0000000000001,4.800000000000003,185.39999999999688,0,9030,0,0.0,38.95386405474142,38.867069414586375,7.274657143562145,18.327276157445382,0.0,65,"{'ELEVATED': 3, 'NOMINAL': 13, 'RELAXED': 14}",150500.00000000396,9000,9030,36120.0,1000.0,50.0,90.09733333333322,60.24578699427309,29.98462033064065,68.93848438538207,65,0,baseline
EXP-CHA-30N-S51-BASE,"PSDT v1.0-sim (Temporal Closed-Loop Model, frozen for Sprint 11)",uniform,Uniform-Moderate,51,30,Scenario C: Dynamic/Challenging,300.0,9000,144.0000000000001,4.800000000000003,185.39999999999688,0,9030,0,0.0,39.48946920347683,37.81969658341215,8.212318460135485,18.992863800164898,0.0,68,"{'NOMINAL': 16, 'ELEVATED': 1, 'RELAXED': 13}",150500.00000000396,9000,9030,36120.0,1000.0,50.0,91.61399999999989,56.43650076912864,29.449015181905235,68.93848438538207,68,0,baseline
EXP-CHA-30N-S42-PSM,"PSDT v1.0-sim (Temporal Closed-Loop Model, frozen for Sprint 11)",adaptive,Uniform-Moderate,42,30,Scenario C: Dynamic/Challenging,300.0,5344,121.56000000000006,4.052000000000002,128.0019999999991,0,9030,0,0.0,39.789696561043684,40.756239837868875,3.755813921818671,18.170456140497613,0.0,67,"{'RELAXED': 9, 'NOMINAL': 17, 'ELEVATED': 4}",127008.33333334245,9000,9030,30490.0,1382.8377630121815,37.95681063122924,90.46332000000059,64.49587898359209,29.148787824338385,68.93848438538207,67,0,proposed
EXP-CHA-30N-S43-PSM,"PSDT v1.0-sim (Temporal Closed-Loop Model, frozen for Sprint 11)",adaptive,Uniform-Moderate,43,30,Scenario C: Dynamic/Challenging,300.0,5398,114.13600000000008,3.804533333333336,127.1923999999989,0,9030,0,0.0,40.88540594668682,40.09432981920545,8.950990459935298,22.752095329085687,0.0,62,"{'ELEVATED': 1, 'RELAXED': 13, 'NOMINAL': 16}",123771.6666666751,9000,9030,28630.0,1458.9673311184938,36.55481727574751,92.34205066666729,61.292519258789014,28.05307843869525,68.93848438538207,62,0,proposed
EXP-CHA-30N-S44-PSM,"PSDT v1.0-sim (Temporal Closed-Loop Model, frozen for Sprint 11)",adaptive,Uniform-Moderate,44,30,Scenario C: Dynamic/Challenging,300.0,5238,117.46400000000008,3.9154666666666693,125.27559999999919,0,9030,0,0.0,38.774871070282934,39.91944419505367,3.644649920661962,20.911868633995777,0.0,81,"{'NOMINAL': 20, 'RELAXED': 9, 'ELEVATED': 1}",126618.33333334577,9000,9030,29456.0,1339.2414174972314,37.98006644518272,91.8181626666672,58.72535007933805,30.163613315099127,68.93848438538207,81,0,proposed
EXP-CHA-30N-S45-PSM,"PSDT v1.0-sim (Temporal Closed-Loop Model, frozen for Sprint 11)",adaptive,Uniform-Moderate,45,30,Scenario C: Dynamic/Challenging,300.0,5694,124.8000000000001,4.160000000000003,133.14999999999884,0,9030,0,0.0,37.47841300267792,36.978134591860695,3.53323810859537,22.11831978744111,0.0,69,"{'RELAXED': 8, 'NOMINAL': 22}",133156.66666667716,9000,9030,31302.0,1249.2580287929125,41.26578073089701,90.96900000000036,56.02382000887334,31.460071382704147,68.93848438538207,69,0,proposed
EXP-CHA-30N-S46-PSM,"PSDT v1.0-sim (Temporal Closed-Loop Model, frozen for Sprint 11)",adaptive,Uniform-Moderate,46,30,Scenario C: Dynamic/Challenging,300.0,5661,127.6960000000001,4.256533333333336,133.50539999999887,0,9030,0,0.0,37.611095353729844,37.898909267254574,8.474662796077638,19.797655347141752,0.0,63,"{'NOMINAL': 21, 'RELAXED': 9}",133123.333333344,9000,9030,32020.0,1295.8305647840532,41.07641196013289,92.22996400000041,57.210278719296305,31.32738903165222,68.93848438538207,63,0,proposed
EXP-CHA-30N-S47-PSM,"PSDT v1.0-sim (Temporal Closed-Loop Model, frozen for Sprint 11)",adaptive,Uniform-Moderate,47,30,Scenario C: Dynamic/Challenging,300.0,5355,117.70400000000008,3.9234666666666693,127.04859999999901,0,9030,0,0.0,38.3962391610495,37.98822914588661,9.961791775252749,22.287178088790924,0.0,69,"{'NOMINAL': 18, 'RELAXED': 11, 'ELEVATED': 1}",126923.3333333446,9000,9030,29516.0,1360.8471760797343,38.13953488372093,91.78967600000054,59.576440537601755,30.542245224332564,68.93848438538207,69,0,proposed
EXP-CHA-30N-S48-PSM,"PSDT v1.0-sim (Temporal Closed-Loop Model, frozen for Sprint 11)",adaptive,Uniform-Moderate,48,30,Scenario C: Dynamic/Challenging,300.0,4935,108.97600000000006,3.632533333333335,119.65939999999928,0,9030,0,0.0,42.02971913471449,42.95679140913855,8.650774928728808,22.325682520533793,0.0,73,"{'RELAXED': 11, 'NOMINAL': 17, 'ELEVATED': 2}",118346.66666667387,9000,9030,27328.0,1508.8815060908084,33.77408637873754,92.76893733333412,53.95058800910827,26.90876525066758,68.93848438538207,73,0,proposed
EXP-CHA-30N-S49-PSM,"PSDT v1.0-sim (Temporal Closed-Loop Model, frozen for Sprint 11)",adaptive,Uniform-Moderate,49,30,Scenario C: Dynamic/Challenging,300.0,5639,137.23999999999987,4.574666666666662,136.4349999999988,61,9030,1,0.6755260243632336,38.69558878971082,39.247086669987986,-5.026215045671648,14.655616265612004,0.6755260243632336,63,"{'RELAXED': 11, 'NOMINAL': 16, 'ELEVATED': 3}",130486.66666667107,9000,9030,34404.0,1381.544850498339,38.857142857142854,91.56043333333393,59.41216213608031,30.242895595671246,68.93848438538207,63,0,proposed
EXP-CHA-30N-S50-PSM,"PSDT v1.0-sim (Temporal Closed-Loop Model, frozen for Sprint 11)",adaptive,Uniform-Moderate,50,30,Scenario C: Dynamic/Challenging,300.0,5559,123.91200000000009,4.130400000000003,131.27179999999893,0,9030,0,0.0,38.56440213837308,38.66829155451482,7.591936560516473,20.55425692058956,0.0,78,"{'ELEVATED': 1, 'NOMINAL': 18, 'RELAXED': 11}",130750.00000001161,9000,9030,31070.0,1331.4424141749723,39.95016611295681,90.45818800000046,59.61345175577726,30.37408224700898,68.93848438538207,78,0,proposed
EXP-CHA-30N-S51-PSM,"PSDT v1.0-sim (Temporal Closed-Loop Model, frozen for Sprint 11)",adaptive,Uniform-Moderate,51,30,Scenario C: Dynamic/Challenging,300.0,5382,118.04000000000008,3.9346666666666694,127.86399999999897,0,9030,0,0.0,40.421233034002086,39.80424128200684,7.9776441226408465,18.63475340046914,0.0,67,"{'NOMINAL': 15, 'ELEVATED': 1, 'RELAXED': 14}",125110.00000000712,9000,9030,29602.0,1453.455149501661,37.08637873754153,91.99757333333396,56.743418488840234,28.517251351379983,68.93848438538207,67,0,proposed
EXP-STA-40N-S42-BASE,"PSDT v1.0-sim (Temporal Closed-Loop Model, frozen for Sprint 11)",uniform,Uniform-Moderate,42,40,Scenario A: Stable,300.0,12000,192.00000000000014,4.800000000000003,247.19999999999584,0,12040,0,0.0,34.11423589775327,33.88007628798793,4.336336733345831,14.55898993465312,0.0,82,"{'RELAXED': 13, 'NOMINAL': 23, 'ELEVATED': 4}",200666.66666664142,12000,12040,48160.0,1000.0,50.0,90.5414999999999,62.049121627157646,28.501639102246735,62.615875,82,0,baseline
EXP-STA-40N-S43-BASE,"PSDT v1.0-sim (Temporal Closed-Loop Model, frozen for Sprint 11)",uniform,Uniform-Moderate,43,40,Scenario A: Stable,300.0,12000,192.00000000000014,4.800000000000003,247.19999999999584,0,12040,0,0.0,36.21132322846507,35.19284795293075,0.6015192296824026,16.50104846491548,0.0,65,"{'NOMINAL': 20, 'ELEVATED': 3, 'RELAXED': 17}",200666.66666664142,12000,12040,48160.0,1000.0,50.0,91.3914999999999,61.1384807703176,26.404551771534933,62.615875,65,0,baseline
EXP-STA-40N-S44-BASE,"PSDT v1.0-sim (Temporal Closed-Loop Model, frozen for Sprint 11)",uniform,Uniform-Moderate,44,40,Scenario A: Stable,300.0,12000,192.00000000000014,4.800000000000003,247.19999999999584,94,12040,1,0.7807308970099668,34.62307636709872,35.75312057837631,-5.431826487911977,13.8118891578716,0.7807308970099668,61,"{'RELAXED': 13, 'NOMINAL': 21, 'ELEVATED': 6}",200666.66666664142,12000,12040,48160.0,1000.0,50.0,91.6639999999999,56.88182648791197,27.99279863290128,62.615875,61,0,baseline
EXP-STA-40N-S45-BASE,"PSDT v1.0-sim (Temporal Closed-Loop Model, frozen for Sprint 11)",uniform,Uniform-Moderate,45,40,Scenario A: Stable,300.0,12000,192.00000000000014,4.800000000000003,247.19999999999584,0,12040,0,0.0,33.38513198179918,33.53643335247049,3.2203102326335795,14.568442228209856,0.0,64,"{'NOMINAL': 23, 'RELAXED': 13, 'ELEVATED': 4}",200666.66666664142,12000,12040,48160.0,1000.0,50.0,91.2164999999999,57.0421751253262,29.230743018200823,62.615875,64,0,baseline
EXP-STA-40N-S46-BASE,"PSDT v1.0-sim (Temporal Closed-Loop Model, frozen for Sprint 11)",uniform,Uniform-Moderate,46,40,Scenario A: Stable,300.0,12000,192.00000000000014,4.800000000000003,247.19999999999584,0,12040,0,0.0,32.11423182372125,32.85921342587838,1.5512455186440022,10.617263175623554,0.0,71,"{'NOMINAL': 18, 'ELEVATED': 9, 'RELAXED': 13}",200666.66666664142,12000,12040,48160.0,1000.0,50.0,91.5764999999999,57.4182942430161,30.50164317627875,62.615875,71,0,baseline
EXP-STA-40N-S47-BASE,"PSDT v1.0-sim (Temporal Closed-Loop Model, frozen for Sprint 11)",uniform,Uniform-Moderate,47,40,Scenario A: Stable,300.0,12000,192.00000000000014,4.800000000000003,247.19999999999584,0,12040,0,0.0,34.832850966815876,35.778214541844136,8.982091183178305,17.21221755253253,0.0,75,"{'RELAXED': 12, 'NOMINAL': 24, 'ELEVATED': 4}",200666.66666664142,12000,12040,48160.0,1000.0,50.0,90.95649999999989,57.2186537376942,27.783024033184127,62.615875,75,0,baseline
EXP-STA-40N-S48-BASE,"PSDT v1.0-sim (Temporal Closed-Loop Model, frozen for Sprint 11)",uniform,Uniform-Moderate,48,40,Scenario A: Stable,300.0,12000,192.00000000000014,4.800000000000003,247.19999999999584,0,12040,0,0.0,36.947617843163265,37.52121447797354,2.8373582045291883,18.045294694594226,0.0,65,"{'RELAXED': 18, 'NOMINAL': 21, 'ELEVATED': 1}",200666.66666664142,12000,12040,48160.0,1000.0,50.0,92.36649999999989,48.61264179547081,25.668257156836738,62.615875,65,0,baseline
EXP-STA-40N-S49-BASE,"PSDT v1.0-sim (Temporal Closed-Loop Model, frozen for Sprint 11)",uniform,Uniform-Moderate,49,40,Scenario A: Stable,300.0,12000,192.00000000000014,4.800000000000003,247.19999999999584,2,12040,1,0.016611295681063124,32.72480121526277,33.78133405753026,-0.34549380313971767,13.300877471075884,0.016611295681063124,57,"{'RELAXED': 16, 'NOMINAL': 16, 'ELEVATED': 8}",200666.66666664142,12000,12040,48160.0,1000.0,50.0,90.7164999999999,60.27388710152188,29.89107378473723,62.615875,57,0,baseline
EXP-STA-40N-S50-BASE,"PSDT v1.0-sim (Temporal Closed-Loop Model, frozen for Sprint 11)",uniform,Uniform-Moderate,50,40,Scenario A: Stable,300.0,12000,192.00000000000014,4.800000000000003,247.19999999999584,9,12040,1,0.07475083056478406,32.89526166073448,33.388801556622,-2.7442909477104394,13.380752804579215,0.07475083056478406,69,"{'NOMINAL': 24, 'RELAXED': 12, 'ELEVATED': 4}",200666.66666664142,12000,12040,48160.0,1000.0,50.0,90.5639999999999,57.13672379675596,29.720613339265526,62.615875,69,0,baseline
EXP-STA-40N-S51-BASE,"PSDT v1.0-sim (Temporal Closed-Loop Model, frozen for Sprint 11)",uniform,Uniform-Moderate,51,40,Scenario A: Stable,300.0,12000,192.00000000000014,4.800000000000003,247.19999999999584,18,12040,1,0.14950166112956811,34.636243609835844,35.22853289823835,-1.513223125923112,11.554191754777557,0.14950166112956811,60,"{'NOMINAL': 22, 'ELEVATED': 6, 'RELAXED': 12}",200666.66666664142,12000,12040,48160.0,1000.0,50.0,91.4164999999999,52.96322312592311,27.979631390164155,62.615875,60,0,baseline
EXP-STA-40N-S42-PSM,"PSDT v1.0-sim (Temporal Closed-Loop Model, frozen for Sprint 11)",adaptive,Uniform-Moderate,42,40,Scenario A: Stable,300.0,7475,179.16800000000006,4.479200000000001,179.52219999999866,0,12040,0,0.0,33.88043701869906,33.91152234548341,4.835878372842359,14.094887793588,0.0,80,"{'RELAXED': 12, 'NOMINAL': 21, 'ELEVATED': 7}",177494.99999999275,12000,12040,44922.0,1313.7624584717607,40.67857142857143,90.87988900000052,62.049121627157646,28.735437981300937,62.615875,80,0,proposed
EXP-STA-40N-S43-PSM,"PSDT v1.0-sim (Temporal Closed-Loop Model, frozen for Sprint 11)",adaptive,Uniform-Moderate,43,40,Scenario A: Stable,300.0,7473,165.09600000000012,4.127400000000003,176.16339999999846,0,12040,0,0.0,35.95353497457365,34.55716297507381,0.6015192296824026,17.484291818288757,0.0,70,"{'NOMINAL': 21, 'RELAXED': 17, 'ELEVATED': 2}",172859.99999998862,12000,12040,41400.0,1382.2155315614618,39.325581395348834,91.7466830000005,61.1384807703176,26.662340025426353,62.615875,70,0,proposed
EXP-STA-40N-S44-PSM,"PSDT v1.0-sim (Temporal Closed-Loop Model, frozen for Sprint 11)",adaptive,Uniform-Moderate,44,40,Scenario A: Stable,300.0,7463,180.16799999999995,4.504199999999999,180.0749999999985,72,12040,1,0.5980066445182725,34.98040302109299,36.572453925369985,-5.014431009896839,14.062404259845822,0.5980066445182725,67,"{'RELAXED': 13, 'NOMINAL': 21, 'ELEVATED': 6}",175016.66666666762,12000,12040,45170.0,1332.783637873754,39.441029900332225,91.99962500000053,56.464431009896835,27.635471978907013,62.615875,67,0,proposed
EXP-STA-40N-S45-PSM,"PSDT v1.0-sim (Temporal Closed-Loop Model, frozen for Sprint 11)",adaptive,Uniform-Moderate,45,40,Scenario A: Stable,300.0,7846,200.72799999999995,5.018199999999998,190.0387999999984,96,12040,1,0.7973421926910298,33.14645898749062,33.63793553792708,-8.32476407694984,13.941390732537236,0.7973421926910298,75,"{'NOMINAL': 20, 'RELAXED': 16, 'ELEVATED': 4}",185618.33333332412,12000,12040,50320.0,1252.641611295681,42.975083056478404,91.50230600000037,59.774764076949836,29.46941601250938,62.615875,75,0,proposed
EXP-STA-40N-S46-PSM,"PSDT v1.0-sim (Temporal Closed-Loop Model, frozen for Sprint 11)",adaptive,Uniform-Moderate,46,40,Scenario A: Stable,300.0,8029,192.5280000000001,4.813200000000003,190.14819999999827,0,12040,0,0.0,32.36857700581495,33.28336865963968,1.181314518740102,11.562606553069722,0.0,69,"{'NOMINAL': 20, 'ELEVATED': 8, 'RELAXED': 12}",186794.99999998978,12000,12040,48258.0,1234.2919435215947,44.05730897009967,91.86175900000036,57.33790480077289,30.24729799418505,62.615875,69,0,proposed
EXP-STA-40N-S47-PSM,"PSDT v1.0-sim (Temporal Closed-Loop Model, frozen for Sprint 11)",adaptive,Uniform-Moderate,47,40,Scenario A: Stable,300.0,7297,167.7200000000001,4.193000000000003,174.23499999999873,0,12040,0,0.0,34.27182568411133,34.99063742806837,8.525907934329503,17.22020139284317,0.0,60,"{'RELAXED': 11, 'NOMINAL': 25, 'ELEVATED': 4}",173178.33333332776,12000,12040,42052.0,1335.8201827242524,39.34551495016611,91.32132500000053,57.266285026826985,28.34404931588867,62.615875,60,0,proposed
EXP-STA-40N-S48-PSM,"PSDT v1.0-sim (Temporal Closed-Loop Model, frozen for Sprint 11)",adaptive,Uniform-Moderate,48,40,Scenario A: Stable,300.0,6939,150.90400000000005,3.7726000000000015,165.87259999999884,0,12040,0,0.0,37.49407940333348,37.96318475238877,2.781546913553271,18.69539884017189,0.0,65,"{'RELAXED': 20, 'NOMINAL': 19, 'ELEVATED': 1}",161900.00000000166,12000,12040,37846.0,1462.2093023255813,35.2765780730897,92.77313700000072,48.668453086446725,25.121795596666523,62.615875,65,0,proposed
EXP-STA-40N-S49-PSM,"PSDT v1.0-sim (Temporal Closed-Loop Model, frozen for Sprint 11)",adaptive,Uniform-Moderate,49,40,Scenario A: Stable,300.0,7828,189.48799999999994,4.737199999999999,187.16119999999847,4,12040,1,0.03322259136212625,32.556329311896214,33.42329936257486,-0.26746294271990223,12.91075218021904,0.03322259136212625,53,"{'RELAXED': 16, 'NOMINAL': 16, 'ELEVATED': 8}",181451.6666666607,12000,12040,47502.0,1289.9937707641195,41.909468438538205,91.0166940000005,60.23870416028189,30.059545688103793,62.615875,53,0,proposed
EXP-STA-40N-S50-PSM,"PSDT v1.0-sim (Temporal Closed-Loop Model, frozen for Sprint 11)",adaptive,Uniform-Moderate,50,40,Scenario A: Stable,300.0,7947,182.70400000000004,4.5676000000000005,186.67859999999828,0,12040,0,0.0,32.9560530688162,33.42716860869069,2.9546961236003213,14.224932467160396,0.0,68,"{'NOMINAL': 21, 'RELAXED': 14, 'ELEVATED': 5}",183089.99999999304,12000,12040,45806.0,1244.1112956810632,42.91112956810631,90.86660700000037,57.13672379675596,29.659821931183803,62.615875,68,0,proposed
EXP-STA-40N-S51-PSM,"PSDT v1.0-sim (Temporal Closed-Loop Model, frozen for Sprint 11)",adaptive,Uniform-Moderate,51,40,Scenario A: Stable,300.0,7395,176.22399999999996,4.405599999999999,177.98259999999865,18,12040,1,0.14950166112956811,35.189410394883964,36.3007767270029,-1.513223125923112,11.818619823335014,0.14950166112956811,64,"{'NOMINAL': 20, 'ELEVATED': 7, 'RELAXED': 13}",174414.99999999604,12000,12040,44180.0,1370.4464285714287,39.49501661129568,91.7625870000006,52.96322312592311,27.426464605116035,62.615875,64,0,proposed
EXP-MOD-40N-S42-BASE,"PSDT v1.0-sim (Temporal Closed-Loop Model, frozen for Sprint 11)",uniform,Uniform-Moderate,42,40,Scenario B: Moderate,300.0,12000,192.00000000000014,4.800000000000003,247.19999999999584,0,12040,0,0.0,37.261790743875615,37.1624645955274,6.142409770565607,16.26263512818207,0.0,72,"{'RELAXED': 13, 'NOMINAL': 24, 'ELEVATED': 3}",200666.66666664142,12000,12040,48160.0,1000.0,50.0,90.5414999999999,63.637069649842154,29.826646756124386,67.08843750000001,72,0,baseline
EXP-MOD-40N-S43-BASE,"PSDT v1.0-sim (Temporal Closed-Loop Model, frozen for Sprint 11)",uniform,Uniform-Moderate,43,40,Scenario B: Moderate,300.0,12000,192.00000000000014,4.800000000000003,247.19999999999584,0,12040,0,0.0,39.02807090162155,38.00891841720069,5.011519229682406,18.917485578904035,0.0,77,"{'NOMINAL': 21, 'ELEVATED': 3, 'RELAXED': 16}",200666.66666664142,12000,12040,48160.0,1000.0,50.0,91.3914999999999,61.1384807703176,28.060366598378454,67.08843750000001,77,0,baseline
EXP-MOD-40N-S44-BASE,"PSDT v1.0-sim (Temporal Closed-Loop Model, frozen for Sprint 11)",uniform,Uniform-Moderate,44,40,Scenario B: Moderate,300.0,12000,192.00000000000014,4.800000000000003,247.19999999999584,33,12040,1,0.27408637873754155,37.58793029379718,39.00207552318665,-1.7568264879119724,17.23285389529647,0.27408637873754155,71,"{'RELAXED': 14, 'NOMINAL': 21, 'ELEVATED': 5}",200666.66666664142,12000,12040,48160.0,1000.0,50.0,91.6639999999999,56.88182648791197,29.500507206202826,67.08843750000001,71,0,baseline
EXP-MOD-40N-S45-BASE,"PSDT v1.0-sim (Temporal Closed-Loop Model, frozen for Sprint 11)",uniform,Uniform-Moderate,45,40,Scenario B: Moderate,300.0,12000,192.00000000000014,4.800000000000003,247.19999999999584,0,12040,0,0.0,37.540076875688975,38.201192241767124,7.360481276305755,17.90466855464446,0.0,85,"{'NOMINAL': 21, 'RELAXED': 16, 'ELEVATED': 3}",200666.66666664142,12000,12040,48160.0,1000.0,50.0,91.2164999999999,57.0421751253262,29.548360624311027,67.08843750000001,85,0,baseline
EXP-MOD-40N-S46-BASE,"PSDT v1.0-sim (Temporal Closed-Loop Model, frozen for Sprint 11)",uniform,Uniform-Moderate,46,40,Scenario B: Moderate,300.0,12000,192.00000000000014,4.800000000000003,247.19999999999584,0,12040,0,0.0,35.28826056938034,35.425822455106356,6.064395191237622,13.964773845540842,0.0,77,"{'NOMINAL': 19, 'RELAXED': 14, 'ELEVATED': 7}",200666.66666664142,12000,12040,48160.0,1000.0,50.0,91.5764999999999,57.23757186237377,31.80017693061966,67.08843750000001,77,0,baseline
EXP-MOD-40N-S47-BASE,"PSDT v1.0-sim (Temporal Closed-Loop Model, frozen for Sprint 11)",uniform,Uniform-Moderate,47,40,Scenario B: Moderate,300.0,12000,192.00000000000014,4.800000000000003,247.19999999999584,0,12040,0,0.0,37.9638157605431,39.13811607272983,11.062775630482513,19.460160669053757,0.0,78,"{'RELAXED': 13, 'NOMINAL': 24, 'ELEVATED': 3}",200666.66666664142,12000,12040,48160.0,1000.0,50.0,90.95649999999989,57.2186537376942,29.124621739456906,67.08843750000001,78,0,baseline
EXP-MOD-40N-S48-BASE,"PSDT v1.0-sim (Temporal Closed-Loop Model, frozen for Sprint 11)",uniform,Uniform-Moderate,48,40,Scenario B: Moderate,300.0,12000,192.00000000000014,4.800000000000003,247.19999999999584,0,12040,0,0.0,39.276352611828685,40.0110590482702,5.101456259844582,21.06281040971011,0.0,73,"{'RELAXED': 16, 'NOMINAL': 22, 'ELEVATED': 2}",200666.66666664142,12000,12040,48160.0,1000.0,50.0,92.36649999999989,51.17202210291331,27.812084888171317,67.08843750000001,73,0,baseline
EXP-MOD-40N-S49-BASE,"PSDT v1.0-sim (Temporal Closed-Loop Model, frozen for Sprint 11)",uniform,Uniform-Moderate,49,40,Scenario B: Moderate,300.0,12000,192.00000000000014,4.800000000000003,247.19999999999584,0,12040,0,0.0,35.86583487456042,36.20403057714769,3.3295061968602866,14.890086071141354,0.0,74,"{'RELAXED': 14, 'NOMINAL': 20, 'ELEVATED': 6}",200666.66666664142,12000,12040,48160.0,1000.0,50.0,90.7164999999999,64.21691327935142,31.22260262543958,67.08843750000001,74,0,baseline
EXP-MOD-40N-S50-BASE,"PSDT v1.0-sim (Temporal Closed-Loop Model, frozen for Sprint 11)",uniform,Uniform-Moderate,50,40,Scenario B: Moderate,300.0,12000,192.00000000000014,4.800000000000003,247.19999999999584,0,12040,0,0.0,36.228539800508855,36.95985806287249,0.22616084286409688,14.780163825456288,0.0,84,"{'NOMINAL': 22, 'RELAXED': 15, 'ELEVATED': 3}",200666.66666664142,12000,12040,48160.0,1000.0,50.0,90.5639999999999,58.13764263419594,30.85989769949115,67.08843750000001,84,0,baseline
EXP-MOD-40N-S51-BASE,"PSDT v1.0-sim (Temporal Closed-Loop Model, frozen for Sprint 11)",uniform,Uniform-Moderate,51,40,Scenario B: Moderate,300.0,12000,192.00000000000014,4.800000000000003,247.19999999999584,0,12040,0,0.0,37.32034746691776,37.35834117194939,0.8392000121028644,13.372728851380614,0.0,77,"{'NOMINAL': 23, 'ELEVATED': 4, 'RELAXED': 13}",200666.66666664142,12000,12040,48160.0,1000.0,50.0,91.4164999999999,54.285799987897136,29.76809003308224,67.08843750000001,77,0,baseline
EXP-MOD-40N-S42-PSM,"PSDT v1.0-sim (Temporal Closed-Loop Model, frozen for Sprint 11)",adaptive,Uniform-Moderate,42,40,Scenario B: Moderate,300.0,7491,177.65600000000006,4.441400000000002,179.3993999999986,0,12040,0,0.0,36.72466106924424,36.65295295580947,4.078525250924727,15.697840550141876,0.0,89,"{'RELAXED': 12, 'NOMINAL': 23, 'ELEVATED': 5}",177021.6666666576,12000,12040,44542.0,1330.950996677741,40.544019933554814,90.88050300000052,63.637069649842154,30.36377643075576,67.08843750000001,89,0,proposed
EXP-MOD-40N-S43-PSM,"PSDT v1.0-sim (Temporal Closed-Loop Model, frozen for Sprint 11)",adaptive,Uniform-Moderate,43,40,Scenario B: Moderate,300.0,7450,164.9280000000001,4.123200000000002,176.0671999999985,0,12040,0,0.0,38.62739355885679,37.67138076110881,3.2341280121741818,17.130470829258204,0.0,88,"{'NOMINAL': 22, 'RELAXED': 16, 'ELEVATED': 2}",171114.99999999054,12000,12040,41356.0,1407.0286544850499,38.588039867109636,91.74716400000057,61.1384807703176,28.461043941143217,67.08843750000001,88,0,proposed
EXP-MOD-40N-S44-PSM,"PSDT v1.0-sim (Temporal Closed-Loop Model, frozen for Sprint 11)",adaptive,Uniform-Moderate,44,40,Scenario B: Moderate,300.0,7337,165.38400000000004,4.134600000000001,174.5785999999987,1,12040,1,0.008305647840531562,38.022547996009386,39.565438413779425,-1.251347475761186,17.30570254161691,0.008305647840531562,78,"{'RELAXED': 13, 'NOMINAL': 22, 'ELEVATED': 5}",170676.66666666736,12000,12040,41466.0,1369.8691860465117,38.3812292358804,92.02710700000058,56.376347475761186,29.065889503990615,67.08843750000001,78,0,proposed
EXP-MOD-40N-S45-PSM,"PSDT v1.0-sim (Temporal Closed-Loop Model, frozen for Sprint 11)",adaptive,Uniform-Moderate,45,40,Scenario B: Moderate,300.0,7602,192.432,4.8107999999999995,184.87599999999856,102,12040,1,0.8471760797342193,36.996607644482836,38.35654109715931,-4.995542911892684,17.38600135543463,0.8471760797342193,95,"{'NOMINAL': 21, 'RELAXED': 14, 'ELEVATED': 5}",180194.99999999464,12000,12040,48240.0,1302.3160299003323,41.024916943521596,91.52812000000046,60.120542911892684,30.09182985551717,67.08843750000001,95,0,proposed
EXP-MOD-40N-S46-PSM,"PSDT v1.0-sim (Temporal Closed-Loop Model, frozen for Sprint 11)",adaptive,Uniform-Moderate,46,40,Scenario B: Moderate,300.0,8010,186.57600000000008,4.664400000000002,188.40239999999824,0,12040,0,0.0,35.091387239651326,35.495242689116125,4.6353149344066225,13.565097487395386,0.0,73,"{'NOMINAL': 21, 'ELEVATED': 6, 'RELAXED': 13}",185141.66666665953,12000,12040,46768.0,1223.28073089701,43.616279069767444,91.87048800000035,57.379587639815504,31.997050260348676,67.08843750000001,73,0,proposed
EXP-MOD-40N-S47-PSM,"PSDT v1.0-sim (Temporal Closed-Loop Model, frozen for Sprint 11)",adaptive,Uniform-Moderate,47,40,Scenario B: Moderate,300.0,7383,169.01600000000013,4.225400000000003,175.6133999999987,0,12040,0,0.0,36.53544096814366,37.14775183579224,5.700899501477778,17.27144033192946,0.0,73,"{'RELAXED': 14, 'NOMINAL': 21, 'ELEVATED': 5}",174856.66666666168,12000,12040,42370.0,1302.5830564784053,40.00581395348837,91.31443300000049,57.30264251377393,30.552996531856344,67.08843750000001,73,0,proposed
EXP-MOD-40N-S48-PSM,"PSDT v1.0-sim (Temporal Closed-Loop Model, frozen for Sprint 11)",adaptive,Uniform-Moderate,48,40,Scenario B: Moderate,300.0,6901,148.4880000000001,3.712200000000003,164.54819999999887,0,12040,0,0.0,40.01600483373779,40.46584962136127,6.393470496182594,22.29973340791907,0.0,90,"{'RELAXED': 18, 'NOMINAL': 21, 'ELEVATED': 1}",162153.33333333247,12000,12040,37236.0,1441.499169435216,35.493355481727576,92.77975900000067,52.51463735376086,27.072432666262213,67.08843750000001,90,0,proposed
EXP-MOD-40N-S49-PSM,"PSDT v1.0-sim (Temporal Closed-Loop Model, frozen for Sprint 11)",adaptive,Uniform-Moderate,49,40,Scenario B: Moderate,300.0,7638,176.49600000000007,4.412400000000002,181.3143999999985,0,12040,0,0.0,36.38068528157931,36.715605702006194,4.244772293802399,16.11571919810679,0.0,67,"{'RELAXED': 15, 'NOMINAL': 21, 'ELEVATED': 4}",176731.66666665906,12000,12040,44252.0,1313.5755813953488,40.47176079734219,91.04592800000052,60.24131674292693,30.707752218420694,67.08843750000001,67,0,proposed
EXP-MOD-40N-S50-PSM,"PSDT v1.0-sim (Temporal Closed-Loop Model, frozen for Sprint 11)",adaptive,Uniform-Moderate,50,40,Scenario B: Moderate,300.0,7735,177.52800000000008,4.438200000000002,182.7301999999984,0,12040,0,0.0,36.464091644733365,37.484911432965994,6.777153124184309,15.300940569817714,0.0,95,"{'NOMINAL': 21, 'RELAXED': 14, 'ELEVATED': 5}",178709.99999999368,12000,12040,44506.0,1297.825996677741,41.271594684385384,90.88634900000046,58.13764263419594,30.624345855266636,67.08843750000001,95,0,proposed
EXP-MOD-40N-S51-PSM,"PSDT v1.0-sim (Temporal Closed-Loop Model, frozen for Sprint 11)",adaptive,Uniform-Moderate,51,40,Scenario B: Moderate,300.0,7332,166.36,4.159000000000001,174.8099999999986,0,12040,0,0.0,38.654245812538484,38.74894394330018,0.8392000121028644,14.565774815114324,0.0,74,"{'RELAXED': 13, 'ELEVATED': 3, 'NOMINAL': 24}",170558.3333333277,12000,12040,41714.0,1401.0257475083056,38.28654485049834,91.7784500000006,54.285799987897136,28.434191687461524,67.08843750000001,74,0,proposed
EXP-CHA-40N-S42-BASE,"PSDT v1.0-sim (Temporal Closed-Loop Model, frozen for Sprint 11)",uniform,Uniform-Moderate,42,40,Scenario C: Dynamic/Challenging,300.0,12000,192.00000000000014,4.800000000000003,247.19999999999584,0,12040,0,0.0,39.29269115624599,39.42635766782655,3.755813921818671,19.352908113186274,0.0,119,"{'RELAXED': 16, 'NOMINAL': 22, 'ELEVATED': 2}",200666.66666664142,12000,12040,48160.0,1000.0,50.0,90.5414999999999,65.10976089439171,29.69302985704305,68.98572101328904,119,0,baseline
EXP-CHA-40N-S43-BASE,"PSDT v1.0-sim (Temporal Closed-Loop Model, frozen for Sprint 11)",uniform,Uniform-Moderate,43,40,Scenario C: Dynamic/Challenging,300.0,12000,192.00000000000014,4.800000000000003,247.19999999999584,0,12040,0,0.0,40.80528788104384,39.814555881052165,8.705527367011527,20.571069366531052,0.0,92,"{'ELEVATED': 3, 'NOMINAL': 21, 'RELAXED': 16}",200666.66666664142,12000,12040,48160.0,1000.0,50.0,91.3914999999999,61.292519258789014,28.180433132245206,68.98572101328904,92,0,baseline
EXP-CHA-40N-S44-BASE,"PSDT v1.0-sim (Temporal Closed-Loop Model, frozen for Sprint 11)",uniform,Uniform-Moderate,44,40,Scenario C: Dynamic/Challenging,300.0,12000,192.00000000000014,4.800000000000003,247.19999999999584,33,12040,1,0.27408637873754155,39.30685070677024,40.03215366939115,-1.7568264879119724,19.733239772309634,0.27408637873754155,84,"{'RELAXED': 11, 'NOMINAL': 27, 'ELEVATED': 2}",200666.66666664142,12000,12040,48160.0,1000.0,50.0,91.6639999999999,56.88182648791197,29.6788703065188,68.98572101328904,84,0,baseline
EXP-CHA-40N-S45-BASE,"PSDT v1.0-sim (Temporal Closed-Loop Model, frozen for Sprint 11)",uniform,Uniform-Moderate,45,40,Scenario C: Dynamic/Challenging,300.0,12000,192.00000000000014,4.800000000000003,247.19999999999584,0,12040,0,0.0,38.27058478814643,38.34253183191964,7.360481276305755,19.374927892931176,0.0,103,"{'RELAXED': 15, 'NOMINAL': 23, 'ELEVATED': 2}",200666.66666664142,12000,12040,48160.0,1000.0,50.0,91.2164999999999,60.45360534667558,30.71513622514261,68.98572101328904,103,0,baseline
EXP-CHA-40N-S46-BASE,"PSDT v1.0-sim (Temporal Closed-Loop Model, frozen for Sprint 11)",uniform,Uniform-Moderate,46,40,Scenario C: Dynamic/Challenging,300.0,12000,192.00000000000014,4.800000000000003,247.19999999999584,0,12040,0,0.0,37.83830310420819,38.032138944290544,4.685225586019172,16.774354094081556,0.0,92,"{'NOMINAL': 22, 'RELAXED': 18}",200666.66666664142,12000,12040,48160.0,1000.0,50.0,91.5764999999999,57.23757186237377,31.147417909080858,68.98572101328904,92,0,baseline
EXP-CHA-40N-S47-BASE,"PSDT v1.0-sim (Temporal Closed-Loop Model, frozen for Sprint 11)",uniform,Uniform-Moderate,47,40,Scenario C: Dynamic/Challenging,300.0,12000,192.00000000000014,4.800000000000003,247.19999999999584,0,12040,0,0.0,39.973342614276966,39.981106084639286,11.030064697675854,22.183260410417226,0.0,109,"{'RELAXED': 15, 'NOMINAL': 24, 'ELEVATED': 1}",200666.66666664142,12000,12040,48160.0,1000.0,50.0,90.95649999999989,59.576440537601755,29.01237839901207,68.98572101328904,109,0,baseline
EXP-CHA-40N-S48-BASE,"PSDT v1.0-sim (Temporal Closed-Loop Model, frozen for Sprint 11)",uniform,Uniform-Moderate,48,40,Scenario C: Dynamic/Challenging,300.0,12000,192.00000000000014,4.800000000000003,247.19999999999584,0,12040,0,0.0,41.337652044919814,41.57204167726134,6.374990193066509,24.555581896024606,0.0,97,"{'RELAXED': 17, 'NOMINAL': 23}",200666.66666664142,12000,12040,48160.0,1000.0,50.0,92.36649999999989,53.71513128290299,27.648068968369223,68.98572101328904,97,0,baseline
EXP-CHA-40N-S49-BASE,"PSDT v1.0-sim (Temporal Closed-Loop Model, frozen for Sprint 11)",uniform,Uniform-Moderate,49,40,Scenario C: Dynamic/Challenging,300.0,12000,192.00000000000014,4.800000000000003,247.19999999999584,0,12040,0,0.0,37.52865925899859,37.422935420790665,5.882493111394673,18.407805258845393,0.0,86,"{'RELAXED': 12, 'NOMINAL': 27, 'ELEVATED': 1}",200666.66666664142,12000,12040,48160.0,1000.0,50.0,90.7164999999999,64.21691327935142,31.457061754290454,68.98572101328904,86,0,baseline
EXP-CHA-40N-S50-BASE,"PSDT v1.0-sim (Temporal Closed-Loop Model, frozen for Sprint 11)",uniform,Uniform-Moderate,50,40,Scenario C: Dynamic/Challenging,300.0,12000,192.00000000000014,4.800000000000003,247.19999999999584,0,12040,0,0.0,38.09516127894944,38.894812594316264,0.26983779671815,16.601064859199596,0.0,104,"{'ELEVATED': 2, 'NOMINAL': 20, 'RELAXED': 18}",200666.66666664142,12000,12040,48160.0,1000.0,50.0,90.5639999999999,60.24578699427309,30.8905597343396,68.98572101328904,104,0,baseline
EXP-CHA-40N-S51-BASE,"PSDT v1.0-sim (Temporal Closed-Loop Model, frozen for Sprint 11)",uniform,Uniform-Moderate,51,40,Scenario C: Dynamic/Challenging,300.0,12000,192.00000000000014,4.800000000000003,247.19999999999584,0,12040,0,0.0,39.67985302904005,39.63708689536122,0.6158700691559176,16.23237941399241,0.0,93,"{'NOMINAL': 21, 'ELEVATED': 2, 'RELAXED': 17}",200666.66666664142,12000,12040,48160.0,1000.0,50.0,91.4164999999999,56.43650076912864,29.30586798424899,68.98572101328904,93,0,baseline
EXP-CHA-40N-S42-PSM,"PSDT v1.0-sim (Temporal Closed-Loop Model, frozen for Sprint 11)",adaptive,Uniform-Moderate,42,40,Scenario C: Dynamic/Challenging,300.0,7164,163.04800000000012,4.076200000000003,171.32719999999875,0,12040,0,0.0,38.694013952255766,38.28879334403061,3.755813921818671,19.333420878317416,0.0,109,"{'RELAXED': 14, 'NOMINAL': 24, 'ELEVATED': 2}",170548.3333333257,12000,12040,40892.0,1363.7375415282393,38.42857142857143,90.92086400000056,65.10976089439171,30.291707061033275,68.98572101328904,109,0,proposed
EXP-CHA-40N-S43-PSM,"PSDT v1.0-sim (Temporal Closed-Loop Model, frozen for Sprint 11)",adaptive,Uniform-Moderate,43,40,Scenario C: Dynamic/Challenging,300.0,7235,156.35200000000012,3.908800000000003,170.9657999999986,0,12040,0,0.0,40.62750153547955,40.314635528619036,7.199863975343085,20.503247245167884,0.0,115,"{'ELEVATED': 1, 'RELAXED': 19, 'NOMINAL': 20}",167416.66666665845,12000,12040,39214.0,1423.6171096345515,37.38953488372093,91.7726710000006,61.292519258789014,28.358219477809488,68.98572101328904,115,0,proposed
EXP-CHA-40N-S44-PSM,"PSDT v1.0-sim (Temporal Closed-Loop Model, frozen for Sprint 11)",adaptive,Uniform-Moderate,44,40,Scenario C: Dynamic/Challenging,300.0,7305,159.83200000000008,3.995800000000002,172.7857999999986,24,12040,1,0.19933554817275745,39.35071014644411,40.26856468478011,-1.7997449233127938,21.168395653193596,0.19933554817275745,94,"{'NOMINAL': 27, 'RELAXED': 12, 'ELEVATED': 1}",168869.99999999948,12000,12040,40084.0,1373.3077242524917,37.85548172757475,92.03607100000059,58.71552920616343,29.635010866844937,68.98572101328904,94,0,proposed
EXP-CHA-40N-S45-PSM,"PSDT v1.0-sim (Temporal Closed-Loop Model, frozen for Sprint 11)",adaptive,Uniform-Moderate,45,40,Scenario C: Dynamic/Challenging,300.0,7664,170.45600000000005,4.261400000000001,179.97759999999843,12,12040,1,0.09966777408637872,37.7429555801003,38.08374956840615,-3.6700764417507585,18.425725201198563,0.09966777408637872,105,"{'RELAXED': 15, 'NOMINAL': 23, 'ELEVATED': 2}",176524.9999999926,12000,12040,42750.0,1306.4418604651162,40.633720930232556,91.55261200000044,60.45360534667558,31.24276543318874,68.98572101328904,105,0,proposed
EXP-CHA-40N-S46-PSM,"PSDT v1.0-sim (Temporal Closed-Loop Model, frozen for Sprint 11)",adaptive,Uniform-Moderate,46,40,Scenario C: Dynamic/Challenging,300.0,7879,177.22400000000013,4.430600000000004,184.56459999999825,0,12040,0,0.0,37.43104416962084,37.846871842172575,4.2234668433163165,16.180887760334336,0.0,84,"{'NOMINAL': 24, 'RELAXED': 15, 'ELEVATED': 1}",180089.99999999435,12000,12040,44430.0,1280.9696843853822,41.87458471760797,91.8896770000004,57.210278719296305,31.5546768436682,68.98572101328904,84,0,proposed
EXP-CHA-40N-S47-PSM,"PSDT v1.0-sim (Temporal Closed-Loop Model, frozen for Sprint 11)",adaptive,Uniform-Moderate,47,40,Scenario C: Dynamic/Challenging,300.0,7196,159.3440000000001,3.9836000000000027,170.8995999999987,0,12040,0,0.0,38.768174166150445,38.720841173224926,11.030064697675854,20.56014178129945,0.0,99,"{'NOMINAL': 24, 'RELAXED': 15, 'ELEVATED': 1}",169474.99999999462,12000,12040,39954.0,1364.6843853820599,38.13704318936877,91.33800200000056,59.576440537601755,30.217546847138596,68.98572101328904,99,0,proposed
EXP-CHA-40N-S48-PSM,"PSDT v1.0-sim (Temporal Closed-Loop Model, frozen for Sprint 11)",adaptive,Uniform-Moderate,48,40,Scenario C: Dynamic/Challenging,300.0,6792,146.4880000000001,3.662200000000003,162.77119999999888,0,12040,0,0.0,42.06270301577797,42.15512052925837,6.507813032102803,26.084468131030732,0.0,97,"{'RELAXED': 16, 'NOMINAL': 23, 'ELEVATED': 1}",159571.66666666776,12000,12040,36738.0,1481.6445182724253,34.47923588039867,92.78864400000074,54.88245980798159,26.92301799751107,68.98572101328904,97,0,proposed
EXP-CHA-40N-S49-PSM,"PSDT v1.0-sim (Temporal Closed-Loop Model, frozen for Sprint 11)",adaptive,Uniform-Moderate,49,40,Scenario C: Dynamic/Challenging,300.0,7534,167.8080000000001,4.1952000000000025,177.74119999999846,0,12040,0,0.0,37.787162449032,37.405385157923575,5.775526102145349,18.629551752992477,0.0,69,"{'RELAXED': 18, 'NOMINAL': 20, 'ELEVATED': 2}",173639.99999999118,12000,12040,42082.0,1338.4904485049833,39.53737541528239,91.06379400000051,60.23870416028189,31.198558564257038,68.98572101328904,69,0,proposed
EXP-CHA-40N-S50-PSM,"PSDT v1.0-sim (Temporal Closed-Loop Model, frozen for Sprint 11)",adaptive,Uniform-Moderate,50,40,Scenario C: Dynamic/Challenging,300.0,7699,176.52000000000007,4.413000000000002,181.83699999999843,0,12040,0,0.0,38.0632430788558,38.76900887876883,4.001483103495218,16.663307285594918,0.0,110,"{'ELEVATED': 1, 'NOMINAL': 26, 'RELAXED': 13}",179061.6666666578,12000,12040,44258.0,1285.1495016611295,41.46594684385382,90.89081500000043,59.61345175577726,30.922477934433243,68.98572101328904,110,0,proposed
EXP-CHA-40N-S51-PSM,"PSDT v1.0-sim (Temporal Closed-Loop Model, frozen for Sprint 11)",adaptive,Uniform-Moderate,51,40,Scenario C: Dynamic/Challenging,300.0,7171,160.11200000000008,4.002800000000002,171.17779999999865,0,12040,0,0.0,40.515110413371914,40.817497502036225,0.6158700691559176,16.878091178103983,0.0,97,"{'NOMINAL': 19, 'ELEVATED': 2, 'RELAXED': 19}",166984.99999999555,12000,12040,40152.0,1431.436877076412,37.038205980066444,91.79661100000064,56.743418488840234,28.470610599917126,68.98572101328904,97,0,proposed
EXP-STA-50N-S42-BASE,"PSDT v1.0-sim (Temporal Closed-Loop Model, frozen for Sprint 11)",uniform,Uniform-Moderate,42,50,Scenario A: Stable,300.0,15000,240.00000000000017,4.800000000000003,308.99999999999477,9,15050,2,0.05980066445182724,33.47191693671432,34.60145092019529,-2.8890050790740176,13.207294750549911,0.05980066445182724,85,"{'RELAXED': 14, 'NOMINAL': 29, 'ELEVATED': 6, 'IMMEDIATE': 1}",250833.3333332789,15000,15050,60200.0,1000.0,50.0,91.02199999999989,62.049121627157646,29.272583063285673,62.744499999999995,85,0,baseline
EXP-STA-50N-S43-BASE,"PSDT v1.0-sim (Temporal Closed-Loop Model, frozen for Sprint 11)",uniform,Uniform-Moderate,43,50,Scenario A: Stable,300.0,15000,240.00000000000017,4.800000000000003,308.99999999999477,0,15050,0,0.0,36.36761279213242,36.457764916099826,0.6015192296824026,17.008402773856687,0.0,81,"{'NOMINAL': 27, 'ELEVATED': 2, 'RELAXED': 21}",250833.3333332789,15000,15050,60200.0,1000.0,50.0,91.37399999999991,61.1384807703176,26.37688720786758,62.744499999999995,81,0,baseline
EXP-STA-50N-S44-BASE,"PSDT v1.0-sim (Temporal Closed-Loop Model, frozen for Sprint 11)",uniform,Uniform-Moderate,44,50,Scenario A: Stable,300.0,15000,240.00000000000017,4.800000000000003,308.99999999999477,148,15050,1,0.9833887043189369,35.18622139283726,35.88148921203405,-4.839025691356916,16.677215060934703,0.9833887043189369,74,"{'RELAXED': 16, 'NOMINAL': 27, 'ELEVATED': 6, 'IMMEDIATE': 1}",250833.3333332789,15000,15050,60200.0,1000.0,50.0,91.6159999999999,56.88182648791197,27.558278607162748,62.744499999999995,74,0,baseline
EXP-STA-50N-S45-BASE,"PSDT v1.0-sim (Temporal Closed-Loop Model, frozen for Sprint 11)",uniform,Uniform-Moderate,45,50,Scenario A: Stable,300.0,15000,240.00000000000017,4.800000000000003,308.99999999999477,24,15050,2,0.159468438538206,33.07811419135113,33.39875707538033,-1.3503395342357862,12.770338134465131,0.159468438538206,92,"{'NOMINAL': 26, 'RELAXED': 16, 'ELEVATED': 8}",250833.3333332789,15000,15050,60200.0,1000.0,50.0,91.33799999999991,57.0421751253262,29.66638580864887,62.744499999999995,92,0,baseline
EXP-STA-50N-S46-BASE,"PSDT v1.0-sim (Temporal Closed-Loop Model, frozen for Sprint 11)",uniform,Uniform-Moderate,46,50,Scenario A: Stable,300.0,15000,240.00000000000017,4.800000000000003,308.99999999999477,0,15050,0,0.0,32.28025937373919,32.658245121821125,0.593933036776626,12.536649598140313,0.0,78,"{'NOMINAL': 25, 'ELEVATED': 10, 'RELAXED': 15}",250833.3333332789,15000,15050,60200.0,1000.0,50.0,91.6919999999999,57.4182942430161,30.46424062626081,62.744499999999995,78,0,baseline
EXP-STA-50N-S47-BASE,"PSDT v1.0-sim (Temporal Closed-Loop Model, frozen for Sprint 11)",uniform,Uniform-Moderate,47,50,Scenario A: Stable,300.0,15000,240.00000000000017,4.800000000000003,308.99999999999477,0,15050,0,0.0,34.660423122239806,36.05611446116999,2.56940439069853,14.395111987689088,0.0,85,"{'RELAXED': 15, 'NOMINAL': 31, 'ELEVATED': 4}",250833.3333332789,15000,15050,60200.0,1000.0,50.0,90.6179999999999,57.2186537376942,28.084076877760197,62.744499999999995,85,0,baseline
EXP-STA-50N-S48-BASE,"PSDT v1.0-sim (Temporal Closed-Loop Model, frozen for Sprint 11)",uniform,Uniform-Moderate,48,50,Scenario A: Stable,300.0,15000,240.00000000000017,4.800000000000003,308.99999999999477,7,15050,1,0.046511627906976744,36.522479523777484,36.855271305727996,-2.67112876850711,19.007778432158258,0.046511627906976744,72,"{'RELAXED': 18, 'NOMINAL': 30, 'ELEVATED': 2}",250833.3333332789,15000,15050,60200.0,1000.0,50.0,92.6719999999999,54.121128768507106,26.222020476222518,62.744499999999995,72,0,baseline
EXP-STA-50N-S49-BASE,"PSDT v1.0-sim (Temporal Closed-Loop Model, frozen for Sprint 11)",uniform,Uniform-Moderate,49,50,Scenario A: Stable,300.0,15000,240.00000000000017,4.800000000000003,308.99999999999477,0,15050,0,0.0,33.66380112357773,34.12278963373068,2.6928741079694873,16.795755916818305,0.0,71,"{'RELAXED': 19, 'NOMINAL': 22, 'ELEVATED': 9}",250833.3333332789,15000,15050,60200.0,1000.0,50.0,90.7579999999999,60.27388710152188,29.08069887642227,62.744499999999995,71,0,baseline
EXP-STA-50N-S50-BASE,"PSDT v1.0-sim (Temporal Closed-Loop Model, frozen for Sprint 11)",uniform,Uniform-Moderate,50,50,Scenario A: Stable,300.0,15000,240.00000000000017,4.800000000000003,308.99999999999477,0,15050,0,0.0,32.75550112097445,32.88577103692137,1.3752842840503874,14.186079720968323,0.0,86,"{'NOMINAL': 32, 'RELAXED': 14, 'ELEVATED': 4}",250833.3333332789,15000,15050,60200.0,1000.0,50.0,90.63399999999989,57.13672379675596,29.98899887902555,62.744499999999995,86,0,baseline
EXP-STA-50N-S51-BASE,"PSDT v1.0-sim (Temporal Closed-Loop Model, frozen for Sprint 11)",uniform,Uniform-Moderate,51,50,Scenario A: Stable,300.0,15000,240.00000000000017,4.800000000000003,308.99999999999477,0,15050,0,0.0,35.47563275468372,35.72641206987056,4.94670255918745,16.139423823120712,0.0,94,"{'NOMINAL': 28, 'ELEVATED': 7, 'RELAXED': 15}",250833.3333332789,15000,15050,60200.0,1000.0,50.0,91.3659999999999,52.96322312592311,27.268867245316272,62.744499999999995,94,0,baseline
EXP-STA-50N-S42-PSM,"PSDT v1.0-sim (Temporal Closed-Loop Model, frozen for Sprint 11)",adaptive,Uniform-Moderate,42,50,Scenario A: Stable,300.0,9400,234.08000000000007,4.681600000000001,227.44159999999837,47,15050,2,0.3122923588039867,33.268367828294934,34.62234797399918,-7.963428967422821,14.201114962561654,0.3122923588039867,88,"{'RELAXED': 12, 'NOMINAL': 30, 'ELEVATED': 7, 'IMMEDIATE': 1}",226413.33333330517,15000,15050,58682.0,1252.6398671096345,41.8,91.34823360000046,62.049121627157646,29.476132171705068,62.744499999999995,88,0,proposed
EXP-STA-50N-S43-PSM,"PSDT v1.0-sim (Temporal Closed-Loop Model, frozen for Sprint 11)",adaptive,Uniform-Moderate,43,50,Scenario A: Stable,300.0,9130,204.73600000000013,4.094720000000002,216.9643999999983,0,15050,0,0.0,36.368139334499986,36.59918787003609,0.6015192296824026,16.93929266017645,0.0,82,"{'NOMINAL': 24, 'RELAXED': 24, 'ELEVATED': 2}",213706.66666664107,15000,15050,51344.0,1383.875415282392,38.57408637873754,91.74214240000056,61.1384807703176,26.376360665500012,62.744499999999995,82,0,proposed
EXP-STA-50N-S44-PSM,"PSDT v1.0-sim (Temporal Closed-Loop Model, frozen for Sprint 11)",adaptive,Uniform-Moderate,44,50,Scenario A: Stable,300.0,9494,233.75200000000004,4.675040000000001,229.81679999999807,149,15050,1,0.9900332225913621,35.26153664007124,36.17819480070033,-4.786641974382185,17.050006805098683,0.9900332225913621,75,"{'RELAXED': 16, 'NOMINAL': 28, 'ELEVATED': 5, 'IMMEDIATE': 1}",220328.33333331707,15000,15050,58598.0,1353.4817275747507,39.59136212624585,91.93273280000052,56.23664197438218,27.482963359928764,62.744499999999995,75,0,proposed
EXP-STA-50N-S45-PSM,"PSDT v1.0-sim (Temporal Closed-Loop Model, frozen for Sprint 11)",adaptive,Uniform-Moderate,45,50,Scenario A: Stable,300.0,9940,239.77599999999998,4.79552,236.20439999999797,33,15050,2,0.21926910299003322,32.985771010750014,33.42344985402573,-1.0194560899534437,12.63352205175427,0.21926910299003322,92,"{'NOMINAL': 24, 'RELAXED': 18, 'ELEVATED': 8}",232221.66666664256,15000,15050,60108.0,1233.8488372093022,43.653156146179406,91.62918240000039,57.0421751253262,29.758728989249988,62.744499999999995,92,0,proposed
EXP-STA-50N-S46-PSM,"PSDT v1.0-sim (Temporal Closed-Loop Model, frozen for Sprint 11)",adaptive,Uniform-Moderate,46,50,Scenario A: Stable,300.0,10006,240.4240000000001,4.808480000000002,237.0015999999979,0,15050,0,0.0,32.396764138443054,32.85618125671405,0.593933036776626,12.990349587751105,0.0,76,"{'NOMINAL': 25, 'ELEVATED': 12, 'RELAXED': 13}",234449.9999999638,15000,15050,60276.0,1223.8770764119602,44.390697674418604,91.97999360000033,57.33790480077289,30.347735861556952,62.744499999999995,76,0,proposed
EXP-STA-50N-S47-PSM,"PSDT v1.0-sim (Temporal Closed-Loop Model, frozen for Sprint 11)",adaptive,Uniform-Moderate,47,50,Scenario A: Stable,300.0,9513,224.0400000000001,4.480800000000002,226.74099999999822,0,15050,0,0.0,34.05080092399421,35.479848536430936,2.874279502512728,13.764504275679483,0.0,98,"{'RELAXED': 14, 'NOMINAL': 32, 'ELEVATED': 4}",223154.99999998012,15000,15050,56170.0,1289.2840531561462,41.115614617940196,90.94703600000048,57.36324110456047,28.69369907600579,62.744499999999995,98,0,proposed
EXP-STA-50N-S48-PSM,"PSDT v1.0-sim (Temporal Closed-Loop Model, frozen for Sprint 11)",adaptive,Uniform-Moderate,48,50,Scenario A: Stable,300.0,8785,186.8320000000001,3.736640000000002,208.47179999999847,7,15050,1,0.046511627906976744,37.15718631944333,37.343614034465844,-3.1147436469398713,19.504961405316127,0.046511627906976744,70,"{'RELAXED': 22, 'NOMINAL': 26, 'ELEVATED': 2}",202419.99999998606,15000,15050,46852.0,1459.5382059800666,35.35681063122924,93.07411280000069,54.56474364693987,25.587313680556665,62.744499999999995,70,0,proposed
EXP-STA-50N-S49-PSM,"PSDT v1.0-sim (Temporal Closed-Loop Model, frozen for Sprint 11)",adaptive,Uniform-Moderate,49,50,Scenario A: Stable,300.0,9535,223.23200000000006,4.464640000000001,226.87779999999822,0,15050,0,0.0,33.611399820440965,33.91295225677678,2.6928741079694873,16.73905827678461,0.0,75,"{'RELAXED': 20, 'NOMINAL': 22, 'ELEVATED': 8}",222933.33333330494,15000,15050,55974.0,1296.2292358803986,41.06777408637874,91.08648880000048,60.23870416028189,29.133100179559037,62.744499999999995,75,0,proposed
EXP-STA-50N-S50-PSM,"PSDT v1.0-sim (Temporal Closed-Loop Model, frozen for Sprint 11)",adaptive,Uniform-Moderate,50,50,Scenario A: Stable,300.0,9958,236.28799999999998,4.725759999999999,235.69719999999793,44,15050,2,0.29235880398671094,32.797767874497595,33.4606397138659,-2.4717895131992265,11.803677062512829,0.29235880398671094,91,"{'NOMINAL': 27, 'RELAXED': 18, 'ELEVATED': 5}",230818.33333330724,15000,15050,59236.0,1230.2458471760797,43.25980066445183,90.92721120000037,57.13672379675596,29.946732125502404,62.744499999999995,91,0,proposed
EXP-STA-50N-S51-PSM,"PSDT v1.0-sim (Temporal Closed-Loop Model, frozen for Sprint 11)",adaptive,Uniform-Moderate,51,50,Scenario A: Stable,300.0,9030,203.29600000000008,4.065920000000002,215.45039999999835,0,15050,0,0.0,35.91243944042648,35.96781834758283,4.94670255918745,15.840774481818467,0.0,92,"{'NOMINAL': 26, 'ELEVATED': 7, 'RELAXED': 17}",211303.33333331134,15000,15050,50980.0,1421.0714285714287,37.8046511627907,91.74019840000061,51.75194221384274,26.832060559573513,62.744499999999995,92,0,proposed
EXP-MOD-50N-S42-BASE,"PSDT v1.0-sim (Temporal Closed-Loop Model, frozen for Sprint 11)",uniform,Uniform-Moderate,42,50,Scenario B: Moderate,300.0,15000,240.00000000000017,4.800000000000003,308.99999999999477,11,15050,2,0.07308970099667773,36.70278595418539,38.14196482302921,-2.2639019870929786,14.665982090799531,0.07308970099667773,96,"{'RELAXED': 13, 'NOMINAL': 31, 'ELEVATED': 6}",250833.3333332789,15000,15050,60200.0,1000.0,50.0,91.02199999999989,63.637069649842154,30.523464045814617,67.22625,96,0,baseline
EXP-MOD-50N-S43-BASE,"PSDT v1.0-sim (Temporal Closed-Loop Model, frozen for Sprint 11)",uniform,Uniform-Moderate,43,50,Scenario B: Moderate,300.0,15000,240.00000000000017,4.800000000000003,308.99999999999477,0,15050,0,0.0,39.224784815773056,39.357307496138425,5.011519229682406,19.183405787350058,0.0,109,"{'NOMINAL': 26, 'ELEVATED': 2, 'RELAXED': 22}",250833.3333332789,15000,15050,60200.0,1000.0,50.0,91.37399999999991,61.1384807703176,28.001465184226948,67.22625,109,0,baseline
EXP-MOD-50N-S44-BASE,"PSDT v1.0-sim (Temporal Closed-Loop Model, frozen for Sprint 11)",uniform,Uniform-Moderate,44,50,Scenario B: Moderate,300.0,15000,240.00000000000017,4.800000000000003,308.99999999999477,14,15050,1,0.09302325581395349,38.141983238618174,38.95256287687535,-1.1640256913569118,18.19437350224171,0.09302325581395349,87,"{'RELAXED': 20, 'NOMINAL': 24, 'ELEVATED': 6}",250833.3333332789,15000,15050,60200.0,1000.0,50.0,91.6159999999999,56.88182648791197,29.08426676138183,67.22625,87,0,baseline
EXP-MOD-50N-S45-BASE,"PSDT v1.0-sim (Temporal Closed-Loop Model, frozen for Sprint 11)",uniform,Uniform-Moderate,45,50,Scenario B: Moderate,300.0,15000,240.00000000000017,4.800000000000003,308.99999999999477,0,15050,0,0.0,37.02665821545057,37.223258478654174,2.324660465764218,15.80176368775483,0.0,94,"{'NOMINAL': 25, 'RELAXED': 18, 'ELEVATED': 7}",250833.3333332789,15000,15050,60200.0,1000.0,50.0,91.33799999999991,61.57508116968795,30.199591784549433,67.22625,94,0,baseline
EXP-MOD-50N-S46-BASE,"PSDT v1.0-sim (Temporal Closed-Loop Model, frozen for Sprint 11)",uniform,Uniform-Moderate,46,50,Scenario B: Moderate,300.0,15000,240.00000000000017,4.800000000000003,308.99999999999477,0,15050,0,0.0,35.727475710136794,35.430056996158825,4.133477454798054,16.01580177943452,0.0,89,"{'NOMINAL': 27, 'RELAXED': 17, 'ELEVATED': 6}",250833.3333332789,15000,15050,60200.0,1000.0,50.0,91.6919999999999,57.23757186237377,31.498774289863213,67.22625,89,0,baseline
EXP-MOD-50N-S47-BASE,"PSDT v1.0-sim (Temporal Closed-Loop Model, frozen for Sprint 11)",uniform,Uniform-Moderate,47,50,Scenario B: Moderate,300.0,15000,240.00000000000017,4.800000000000003,308.99999999999477,0,15050,0,0.0,37.62653014809301,38.85496360494325,0.27863022199159104,16.224834312206266,0.0,91,"{'RELAXED': 16, 'NOMINAL': 30, 'ELEVATED': 4}",250833.3333332789,15000,15050,60200.0,1000.0,50.0,90.6179999999999,57.2186537376942,29.59971985190699,67.22625,91,0,baseline
EXP-MOD-50N-S48-BASE,"PSDT v1.0-sim (Temporal Closed-Loop Model, frozen for Sprint 11)",uniform,Uniform-Moderate,48,50,Scenario B: Moderate,300.0,15000,240.00000000000017,4.800000000000003,308.99999999999477,9,15050,1,0.05980066445182724,38.87478658447723,39.47073311586314,-1.9714783640252378,20.119656753256507,0.05980066445182724,89,"{'RELAXED': 19, 'NOMINAL': 28, 'ELEVATED': 3}",250833.3333332789,15000,15050,60200.0,1000.0,50.0,92.6719999999999,57.09647836402524,28.351463415522776,67.22625,89,0,baseline
EXP-MOD-50N-S49-BASE,"PSDT v1.0-sim (Temporal Closed-Loop Model, frozen for Sprint 11)",uniform,Uniform-Moderate,49,50,Scenario B: Moderate,300.0,15000,240.00000000000017,4.800000000000003,308.99999999999477,0,15050,0,0.0,36.843341872485986,36.59831277112377,5.942577897889791,20.500328052806452,0.0,100,"{'RELAXED': 18, 'NOMINAL': 30, 'ELEVATED': 2}",250833.3333332789,15000,15050,60200.0,1000.0,50.0,90.7579999999999,64.21691327935142,30.382908127514018,67.22625,100,0,baseline
EXP-MOD-50N-S50-BASE,"PSDT v1.0-sim (Temporal Closed-Loop Model, frozen for Sprint 11)",uniform,Uniform-Moderate,50,50,Scenario B: Moderate,300.0,15000,240.00000000000017,4.800000000000003,308.99999999999477,0,15050,0,0.0,36.216999737503684,36.4978072077468,7.91632537355877,17.416132647565114,0.0,108,"{'NOMINAL': 31, 'RELAXED': 15, 'ELEVATED': 4}",250833.3333332789,15000,15050,60200.0,1000.0,50.0,90.63399999999989,60.790556297782004,31.00925026249632,67.22625,108,0,baseline
EXP-MOD-50N-S51-BASE,"PSDT v1.0-sim (Temporal Closed-Loop Model, frozen for Sprint 11)",uniform,Uniform-Moderate,51,50,Scenario B: Moderate,300.0,15000,240.00000000000017,4.800000000000003,308.99999999999477,0,15050,0,0.0,38.1326812652765,37.40731219047004,7.51982986934334,18.78151460170869,0.0,101,"{'NOMINAL': 29, 'ELEVATED': 4, 'RELAXED': 17}",250833.3333332789,15000,15050,60200.0,1000.0,50.0,91.3659999999999,54.285799987897136,29.093568734723497,67.22625,101,0,baseline
EXP-MOD-50N-S42-PSM,"PSDT v1.0-sim (Temporal Closed-Loop Model, frozen for Sprint 11)",adaptive,Uniform-Moderate,42,50,Scenario B: Moderate,300.0,9463,233.96800000000007,4.679360000000002,228.4129999999982,76,15050,1,0.5049833887043189,35.92474552535611,36.84898409837295,-6.172799494466773,14.514561525246124,0.5049833887043189,109,"{'RELAXED': 14, 'NOMINAL': 31, 'ELEVATED': 4, 'IMMEDIATE': 1}",226059.99999997148,15000,15050,58646.0,1272.863122923588,41.66312292358804,91.34434800000045,63.637069649842154,31.3015044746439,67.22625,109,0,proposed
EXP-MOD-50N-S43-PSM,"PSDT v1.0-sim (Temporal Closed-Loop Model, frozen for Sprint 11)",adaptive,Uniform-Moderate,43,50,Scenario B: Moderate,300.0,9163,204.79200000000014,4.095840000000003,217.2437999999983,0,15050,0,0.0,38.637663278384466,38.24350481115061,4.26263849351173,19.419153443704143,0.0,105,"{'NOMINAL': 32, 'RELAXED': 17, 'ELEVATED': 1}",215039.9999999712,15000,15050,51352.0,1358.93853820598,39.02857142857143,91.74102480000052,61.1384807703176,28.58858672161554,67.22625,105,0,proposed
EXP-MOD-50N-S44-PSM,"PSDT v1.0-sim (Temporal Closed-Loop Model, frozen for Sprint 11)",adaptive,Uniform-Moderate,44,50,Scenario B: Moderate,300.0,9415,204.06400000000008,4.081280000000001,221.19659999999806,8,15050,1,0.053156146179401995,37.855424652253944,38.8460424613968,-0.9748937844374979,18.257303850757054,0.053156146179401995,96,"{'RELAXED': 18, 'NOMINAL': 27, 'ELEVATED': 5}",212761.66666665475,15000,15050,51162.0,1394.5049833887044,38.27707641196013,91.96721360000058,56.0998937844375,29.37082534774606,67.22625,96,0,proposed
EXP-MOD-50N-S45-PSM,"PSDT v1.0-sim (Temporal Closed-Loop Model, frozen for Sprint 11)",adaptive,Uniform-Moderate,45,50,Scenario B: Moderate,300.0,9667,222.05600000000004,4.441120000000001,228.52139999999804,0,15050,0,0.0,36.762390697184756,37.29175662883067,2.6555439100465605,15.340877911350885,0.0,125,"{'NOMINAL': 26, 'RELAXED': 18, 'ELEVATED': 6}",222859.9999999808,15000,15050,55672.0,1307.2674418604652,41.08571428571429,91.65991440000047,58.28845409326192,30.46385930281525,67.22625,125,0,proposed
EXP-MOD-50N-S46-PSM,"PSDT v1.0-sim (Temporal Closed-Loop Model, frozen for Sprint 11)",adaptive,Uniform-Moderate,46,50,Scenario B: Moderate,300.0,9936,228.69600000000017,4.573920000000004,233.2103999999978,0,15050,0,0.0,35.525227446656146,35.41614534798657,4.133477454798054,16.17924184490931,0.0,86,"{'NOMINAL': 28, 'ELEVATED': 6, 'RELAXED': 16}",230396.6666666341,15000,15050,57338.0,1233.0,43.42392026578073,91.99515840000032,57.379587639815504,31.701022553343858,67.22625,86,0,proposed
EXP-MOD-50N-S47-PSM,"PSDT v1.0-sim (Temporal Closed-Loop Model, frozen for Sprint 11)",adaptive,Uniform-Moderate,47,50,Scenario B: Moderate,300.0,9353,215.28000000000014,4.305600000000003,222.1829999999983,0,15050,0,0.0,36.9616438125621,37.90677660506503,2.269322415057097,16.89026121115816,0.0,93,"{'RELAXED': 15, 'NOMINAL': 30, 'ELEVATED': 5}",220756.6666666414,15000,15050,53970.0,1289.093023255814,40.609302325581396,90.96526800000046,57.246260538723135,30.2646061874379,67.22625,93,0,proposed
EXP-MOD-50N-S48-PSM,"PSDT v1.0-sim (Temporal Closed-Loop Model, frozen for Sprint 11)",adaptive,Uniform-Moderate,48,50,Scenario B: Moderate,300.0,8822,190.58400000000012,3.811680000000002,209.87559999999846,8,15050,1,0.053156146179401995,39.764381067318084,40.06662983095123,-2.1299568595970015,20.241629828830924,0.053156146179401995,94,"{'RELAXED': 18, 'NOMINAL': 29, 'ELEVATED': 3}",203878.3333333203,15000,15050,47788.0,1446.8239202657808,35.714285714285715,93.06849760000068,57.254956859597,27.461868932681917,67.22625,94,0,proposed
EXP-MOD-50N-S49-PSM,"PSDT v1.0-sim (Temporal Closed-Loop Model, frozen for Sprint 11)",adaptive,Uniform-Moderate,49,50,Scenario B: Moderate,300.0,9216,205.69600000000014,4.113920000000003,218.08439999999834,0,15050,0,0.0,37.19495908114836,36.77896587526067,5.942577897889791,20.674453406333978,0.0,83,"{'RELAXED': 18, 'NOMINAL': 29, 'ELEVATED': 3}",216338.33333330546,15000,15050,51584.0,1326.5315614617941,39.43920265780731,91.1216624000005,60.24131674292693,30.031290918851635,67.22625,83,0,proposed
EXP-MOD-50N-S50-PSM,"PSDT v1.0-sim (Temporal Closed-Loop Model, frozen for Sprint 11)",adaptive,Uniform-Moderate,50,50,Scenario B: Moderate,300.0,9816,227.81600000000006,4.556320000000001,231.618399999998,0,15050,0,0.0,35.747920644692385,36.41768094538071,1.09035814240125,13.54200326265362,0.0,90,"{'NOMINAL': 29, 'RELAXED': 16, 'ELEVATED': 5}",227659.99999997238,15000,15050,57112.0,1254.5398671096345,42.520930232558136,90.9435264000004,58.13764263419594,31.478329355307615,67.22625,90,0,proposed
EXP-MOD-50N-S51-PSM,"PSDT v1.0-sim (Temporal Closed-Loop Model, frozen for Sprint 11)",adaptive,Uniform-Moderate,51,50,Scenario B: Moderate,300.0,8985,195.00800000000012,3.9001600000000023,213.03219999999826,0,15050,0,0.0,39.23110885740489,38.92601784125949,6.430433169650172,18.3821035186685,0.0,100,"{'RELAXED': 21, 'ELEVATED': 3, 'NOMINAL': 26}",207284.9999999803,15000,15050,48896.0,1450.343853820598,36.72823920265781,91.74987120000064,51.76330146857088,27.995141142595113,67.22625,100,0,proposed
EXP-CHA-50N-S42-BASE,"PSDT v1.0-sim (Temporal Closed-Loop Model, frozen for Sprint 11)",uniform,Uniform-Moderate,42,50,Scenario C: Dynamic/Challenging,300.0,15000,240.00000000000017,4.800000000000003,308.99999999999477,0,15050,0,0.0,38.62964775645783,39.46037134756932,2.2377667630645774,18.458034898696667,0.0,126,"{'RELAXED': 17, 'NOMINAL': 28, 'ELEVATED': 5}",250833.3333332789,15000,15050,60200.0,1000.0,50.0,91.02199999999989,65.10976089439171,30.497783140552144,69.12743089700997,126,0,baseline
EXP-CHA-50N-S43-BASE,"PSDT v1.0-sim (Temporal Closed-Loop Model, frozen for Sprint 11)",uniform,Uniform-Moderate,43,50,Scenario C: Dynamic/Challenging,300.0,15000,240.00000000000017,4.800000000000003,308.99999999999477,0,15050,0,0.0,40.95897406302496,40.240762196466605,8.950990459935298,21.853143861652086,0.0,133,"{'ELEVATED': 2, 'NOMINAL': 30, 'RELAXED': 18}",250833.3333332789,15000,15050,60200.0,1000.0,50.0,91.37399999999991,61.292519258789014,28.168456833985015,69.12743089700997,133,0,baseline
EXP-CHA-50N-S44-BASE,"PSDT v1.0-sim (Temporal Closed-Loop Model, frozen for Sprint 11)",uniform,Uniform-Moderate,44,50,Scenario C: Dynamic/Challenging,300.0,15000,240.00000000000017,4.800000000000003,308.99999999999477,34,15050,1,0.22591362126245848,39.8227403566435,39.91140131540872,-3.263318480159974,22.346864374416807,0.22591362126245848,120,"{'RELAXED': 16, 'NOMINAL': 33, 'ELEVATED': 1}",250833.3333332789,15000,15050,60200.0,1000.0,50.0,91.6159999999999,56.88182648791197,29.304690540366465,69.12743089700997,120,0,baseline
EXP-CHA-50N-S45-BASE,"PSDT v1.0-sim (Temporal Closed-Loop Model, frozen for Sprint 11)",uniform,Uniform-Moderate,45,50,Scenario C: Dynamic/Challenging,300.0,15000,240.00000000000017,4.800000000000003,308.99999999999477,0,15050,0,0.0,38.10992465176309,38.06979952848191,2.575107118739197,18.380357916323174,0.0,125,"{'RELAXED': 18, 'NOMINAL': 28, 'ELEVATED': 4}",250833.3333332789,15000,15050,60200.0,1000.0,50.0,91.33799999999991,64.03030438297324,31.01750624524688,69.12743089700997,125,0,baseline
EXP-CHA-50N-S46-BASE,"PSDT v1.0-sim (Temporal Closed-Loop Model, frozen for Sprint 11)",uniform,Uniform-Moderate,46,50,Scenario C: Dynamic/Challenging,300.0,15000,240.00000000000017,4.800000000000003,308.99999999999477,0,15050,0,0.0,37.8943278547555,38.05081556163755,1.6439330367766303,18.426805277178428,0.0,120,"{'NOMINAL': 28, 'RELAXED': 20, 'ELEVATED': 2}",250833.3333332789,15000,15050,60200.0,1000.0,50.0,91.6919999999999,57.23757186237377,31.233103042254474,69.12743089700997,120,0,baseline
EXP-CHA-50N-S47-BASE,"PSDT v1.0-sim (Temporal Closed-Loop Model, frozen for Sprint 11)",uniform,Uniform-Moderate,47,50,Scenario C: Dynamic/Challenging,300.0,15000,240.00000000000017,4.800000000000003,308.99999999999477,0,15050,0,0.0,39.67543702218642,40.07588954269276,3.5297534642930515,17.784332212915288,0.0,129,"{'RELAXED': 18, 'NOMINAL': 30, 'ELEVATED': 2}",250833.3333332789,15000,15050,60200.0,1000.0,50.0,90.6179999999999,58.50238875901865,29.45199387482355,69.12743089700997,129,0,baseline
EXP-CHA-50N-S48-BASE,"PSDT v1.0-sim (Temporal Closed-Loop Model, frozen for Sprint 11)",uniform,Uniform-Moderate,48,50,Scenario C: Dynamic/Challenging,300.0,15000,240.00000000000017,4.800000000000003,308.99999999999477,4,15050,1,0.026578073089700997,41.088328163552276,41.154235068186836,-1.4753410363347044,23.078506622303514,0.026578073089700997,116,"{'RELAXED': 23, 'NOMINAL': 25, 'ELEVATED': 2}",250833.3333332789,15000,15050,60200.0,1000.0,50.0,92.6719999999999,59.966744230871136,28.039102733457693,69.12743089700997,116,0,baseline
EXP-CHA-50N-S49-BASE,"PSDT v1.0-sim (Temporal Closed-Loop Model, frozen for Sprint 11)",uniform,Uniform-Moderate,49,50,Scenario C: Dynamic/Challenging,300.0,15000,240.00000000000017,4.800000000000003,308.99999999999477,0,15050,0,0.0,38.63850801583718,38.046642829586546,9.99068505805971,23.087864868754828,0.0,101,"{'RELAXED': 15, 'NOMINAL': 34, 'ELEVATED': 1}",250833.3333332789,15000,15050,60200.0,1000.0,50.0,90.7579999999999,64.21691327935142,30.48892288117279,69.12743089700997,101,0,baseline
EXP-CHA-50N-S50-BASE,"PSDT v1.0-sim (Temporal Closed-Loop Model, frozen for Sprint 11)",uniform,Uniform-Moderate,50,50,Scenario C: Dynamic/Challenging,300.0,15000,240.00000000000017,4.800000000000003,308.99999999999477,0,15050,0,0.0,37.96659027630184,38.193254790771846,3.902602537519712,18.627493940301317,0.0,130,"{'ELEVATED': 2, 'NOMINAL': 25, 'RELAXED': 23}",250833.3333332789,15000,15050,60200.0,1000.0,50.0,90.63399999999989,60.790556297782004,31.160840620708132,69.12743089700997,130,0,baseline
EXP-CHA-50N-S51-BASE,"PSDT v1.0-sim (Temporal Closed-Loop Model, frozen for Sprint 11)",uniform,Uniform-Moderate,51,50,Scenario C: Dynamic/Challenging,300.0,15000,240.00000000000017,4.800000000000003,308.99999999999477,0,15050,0,0.0,40.40747866275023,39.74440495201682,8.796702559187452,21.16165564275047,0.0,123,"{'NOMINAL': 28, 'ELEVATED': 1, 'RELAXED': 21}",250833.3333332789,15000,15050,60200.0,1000.0,50.0,91.3659999999999,56.43650076912864,28.719952234259747,69.12743089700997,123,0,baseline
EXP-CHA-50N-S42-PSM,"PSDT v1.0-sim (Temporal Closed-Loop Model, frozen for Sprint 11)",adaptive,Uniform-Moderate,42,50,Scenario C: Dynamic/Challenging,300.0,9025,210.59200000000013,4.211840000000002,216.44579999999857,0,15050,0,0.0,38.256489707402814,39.179379803269455,0.9257009978944168,18.074470855389745,0.0,107,"{'RELAXED': 18, 'NOMINAL': 27, 'ELEVATED': 5}",217548.33333330552,15000,15050,52808.0,1305.3405315614618,39.67840531561462,91.39221680000051,65.10976089439171,30.870941189607162,69.12743089700997,107,0,proposed
EXP-CHA-50N-S43-PSM,"PSDT v1.0-sim (Temporal Closed-Loop Model, frozen for Sprint 11)",adaptive,Uniform-Moderate,43,50,Scenario C: Dynamic/Challenging,300.0,8927,193.88000000000014,3.877600000000003,211.71699999999836,0,15050,0,0.0,40.75997086863298,40.63515282633317,8.908486918824828,21.559757387328002,0.0,159,"{'ELEVATED': 1, 'RELAXED': 23, 'NOMINAL': 26}",208001.66666664436,15000,15050,48628.0,1418.1495016611295,37.011295681063125,91.76313200000061,61.292519258789014,28.367460028376996,69.12743089700997,159,0,proposed
EXP-CHA-50N-S44-PSM,"PSDT v1.0-sim (Temporal Closed-Loop Model, frozen for Sprint 11)",adaptive,Uniform-Moderate,44,50,Scenario C: Dynamic/Challenging,300.0,9240,207.95999999999995,4.159199999999999,220.02999999999804,60,15050,1,0.3986710963455149,39.51618989251879,39.38631992906073,-3.1304211558914545,22.117336418365582,0.3986710963455149,129,"{'NOMINAL': 28, 'RELAXED': 21, 'ELEVATED': 1}",211038.33333332042,15000,15050,52144.0,1403.014950166113,37.419269102990036,91.97188000000058,58.71552920616343,29.61124100449118,69.12743089700997,129,0,proposed
EXP-CHA-50N-S45-PSM,"PSDT v1.0-sim (Temporal Closed-Loop Model, frozen for Sprint 11)",adaptive,Uniform-Moderate,45,50,Scenario C: Dynamic/Challenging,300.0,9726,217.3600000000001,4.347200000000002,228.11999999999796,0,15050,0,0.0,37.820443847984286,37.31626131303309,2.6555439100465605,18.30534796185145,0.0,126,"{'RELAXED': 19, 'NOMINAL': 27, 'ELEVATED': 4}",222354.99999997736,15000,15050,54502.0,1298.687707641196,41.079734219269106,91.66152000000044,60.45360534667558,31.306987049025686,69.12743089700997,126,0,proposed
EXP-CHA-50N-S46-PSM,"PSDT v1.0-sim (Temporal Closed-Loop Model, frozen for Sprint 11)",adaptive,Uniform-Moderate,46,50,Scenario C: Dynamic/Challenging,300.0,9709,213.58400000000015,4.271680000000003,226.68659999999787,0,15050,0,0.0,37.53576918769295,37.6091353970488,1.6439330367766303,19.190058576991852,0.0,122,"{'NOMINAL': 32, 'RELAXED': 18}",222773.33333330438,15000,15050,53560.0,1292.4634551495017,41.35681063122924,92.0212536000004,57.23757186237377,31.591661709317016,69.12743089700997,122,0,proposed
EXP-CHA-50N-S47-PSM,"PSDT v1.0-sim (Temporal Closed-Loop Model, frozen for Sprint 11)",adaptive,Uniform-Moderate,47,50,Scenario C: Dynamic/Challenging,300.0,9263,206.17600000000013,4.123520000000003,219.1693999999982,0,15050,0,0.0,38.7313071797614,39.29788629460951,4.635336521487922,18.166211401890397,0.0,136,"{'NOMINAL': 31, 'RELAXED': 17, 'ELEVATED': 2}",214921.66666664867,15000,15050,51698.0,1346.7441860465117,38.93887043189369,90.97732240000055,56.611460142935385,30.39612371724857,69.12743089700997,136,0,proposed
EXP-CHA-50N-S48-PSM,"PSDT v1.0-sim (Temporal Closed-Loop Model, frozen for Sprint 11)",adaptive,Uniform-Moderate,48,50,Scenario C: Dynamic/Challenging,300.0,8659,183.97600000000014,3.679520000000003,205.94539999999853,0,15050,0,0.0,41.47306004728252,41.59012682221322,0.5500705565250925,23.424005231492327,0.0,96,"{'RELAXED': 21, 'NOMINAL': 27, 'ELEVATED': 2}",201246.66666665018,15000,15050,46136.0,1462.8970099667774,35.0578073089701,93.0842184000007,61.81992944347492,27.654370849727442,69.12743089700997,96,0,proposed
EXP-CHA-50N-S49-PSM,"PSDT v1.0-sim (Temporal Closed-Loop Model, frozen for Sprint 11)",adaptive,Uniform-Moderate,49,50,Scenario C: Dynamic/Challenging,300.0,9184,199.47200000000015,3.989440000000003,216.24679999999822,0,15050,0,0.0,38.84965050069267,38.12974581310987,9.99068505805971,22.770895433415763,0.0,91,"{'RELAXED': 21, 'NOMINAL': 28, 'ELEVATED': 1}",213631.66666663898,15000,15050,50030.0,1348.56146179402,38.735548172757476,91.12901280000051,60.23870416028189,30.277780396317304,69.12743089700997,91,0,proposed
EXP-CHA-50N-S50-PSM,"PSDT v1.0-sim (Temporal Closed-Loop Model, frozen for Sprint 11)",adaptive,Uniform-Moderate,50,50,Scenario C: Dynamic/Challenging,300.0,9467,214.16800000000015,4.283360000000003,223.52419999999813,0,15050,0,0.0,37.91374083096928,38.080323255612335,2.926311392955128,17.713662314422972,0.0,133,"{'ELEVATED': 2, 'NOMINAL': 30, 'RELAXED': 18}",221036.6666666365,15000,15050,53704.0,1302.1229235880398,40.74285714285714,90.97590320000045,59.61345175577726,31.21369006604069,69.12743089700997,133,0,proposed
EXP-CHA-50N-S51-PSM,"PSDT v1.0-sim (Temporal Closed-Loop Model, frozen for Sprint 11)",adaptive,Uniform-Moderate,51,50,Scenario C: Dynamic/Challenging,300.0,8879,187.29600000000013,3.7459200000000026,209.80539999999831,0,15050,0,0.0,40.92061448787406,40.42809856093923,8.796702559187452,21.767402468763475,0.0,111,"{'NOMINAL': 24, 'ELEVATED': 2, 'RELAXED': 24}",203679.99999998286,15000,15050,46978.0,1473.0332225913621,35.76943521594684,91.76277840000066,56.43650076912864,28.206816409135914,69.12743089700997,111,0,proposed
